Date,Crop,Price,Yield,Season
2023-01-01,Tomato,48.3,0,Synthetic
2023-01-02,Tomato,51.98,0,Synthetic
2023-01-03,Tomato,44.41,0,Synthetic
2023-01-04,Tomato,54.62,0,Synthetic
2023-01-05,Tomato,42.89,0,Synthetic
2023-01-06,Tomato,40.15,0,Synthetic
2023-01-07,Tomato,39.66,0,Synthetic
2023-01-08,Tomato,44.0,0,Synthetic
2023-01-09,Tomato,37.74,0,Synthetic
2023-01-10,Tomato,46.49,0,Synthetic
2023-01-11,Tomato,45.88,0,Synthetic
2023-01-12,Tomato,45.62,0,Synthetic
2023-01-13,Tomato,50.69,0,Synthetic
2023-01-14,Tomato,42.22,0,Synthetic
2023-01-15,Tomato,55.52,0,Synthetic
2023-01-16,Tomato,44.56,0,Synthetic
2023-01-17,Tomato,44.1,0,Synthetic
2023-01-18,Tomato,55.66,0,Synthetic
2023-01-19,Tomato,58.95,0,Synthetic
2023-01-20,Tomato,57.75,0,Synthetic
2023-01-21,Tomato,51.27,0,Synthetic
2023-01-22,Tomato,59.05,0,Synthetic
2023-01-23,Tomato,54.35,0,Synthetic
2023-01-24,Tomato,61.18,0,Synthetic
2023-01-25,Tomato,57.27,0,Synthetic
2023-01-26,Tomato,50.99,0,Synthetic
2023-01-27,Tomato,60.87,0,Synthetic
2023-01-28,Tomato,60.22,0,Synthetic
2023-01-29,Tomato,55.34,0,Synthetic
2023-01-30,Tomato,48.06,0,Synthetic
2023-01-31,Tomato,44.68,0,Synthetic
2023-02-01,Tomato,53.07,0,Synthetic
2023-02-02,Tomato,57.77,0,Synthetic
2023-02-03,Tomato,57.14,0,Synthetic
2023-02-04,Tomato,60.75,0,Synthetic
2023-02-05,Tomato,55.85,0,Synthetic
2023-02-06,Tomato,48.42,0,Synthetic
2023-02-07,Tomato,64.89,0,Synthetic
2023-02-08,Tomato,59.44,0,Synthetic
2023-02-09,Tomato,63.09,0,Synthetic
2023-02-10,Tomato,60.75,0,Synthetic
2023-02-11,Tomato,67.69,0,Synthetic
2023-02-12,Tomato,59.43,0,Synthetic
2023-02-13,Tomato,54.42,0,Synthetic
2023-02-14,Tomato,60.13,0,Synthetic
2023-02-15,Tomato,51.45,0,Synthetic
2023-02-16,Tomato,58.1,0,Synthetic
2023-02-17,Tomato,58.97,0,Synthetic
2023-02-18,Tomato,61.24,0,Synthetic
2023-02-19,Tomato,65.22,0,Synthetic
2023-02-20,Tomato,60.71,0,Synthetic
2023-02-21,Tomato,63.43,0,Synthetic
2023-02-22,Tomato,58.46,0,Synthetic
2023-02-23,Tomato,52.1,0,Synthetic
2023-02-24,Tomato,63.11,0,Synthetic
2023-02-25,Tomato,66.57,0,Synthetic
2023-02-26,Tomato,53.37,0,Synthetic
2023-02-27,Tomato,55.25,0,Synthetic
2023-02-28,Tomato,63.73,0,Synthetic
2023-03-01,Tomato,57.19,0,Synthetic
2023-03-02,Tomato,58.17,0,Synthetic
2023-03-03,Tomato,59.85,0,Synthetic
2023-03-04,Tomato,56.52,0,Synthetic
2023-03-05,Tomato,57.7,0,Synthetic
2023-03-06,Tomato,63.21,0,Synthetic
2023-03-07,Tomato,58.12,0,Synthetic
2023-03-08,Tomato,57.79,0,Synthetic
2023-03-09,Tomato,56.25,0,Synthetic
2023-03-10,Tomato,59.97,0,Synthetic
2023-03-11,Tomato,56.93,0,Synthetic
2023-03-12,Tomato,50.81,0,Synthetic
2023-03-13,Tomato,43.04,0,Synthetic
2023-03-14,Tomato,51.04,0,Synthetic
2023-03-15,Tomato,57.67,0,Synthetic
2023-03-16,Tomato,44.42,0,Synthetic
2023-03-17,Tomato,38.62,0,Synthetic
2023-03-18,Tomato,44.81,0,Synthetic
2023-03-19,Tomato,48.9,0,Synthetic
2023-03-20,Tomato,62.06,0,Synthetic
2023-03-21,Tomato,42.75,0,Synthetic
2023-03-22,Tomato,50.55,0,Synthetic
2023-03-23,Tomato,40.66,0,Synthetic
2023-03-24,Tomato,46.88,0,Synthetic
2023-03-25,Tomato,46.73,0,Synthetic
2023-03-26,Tomato,38.95,0,Synthetic
2023-03-27,Tomato,41.08,0,Synthetic
2023-03-28,Tomato,40.76,0,Synthetic
2023-03-29,Tomato,36.53,0,Synthetic
2023-03-30,Tomato,43.99,0,Synthetic
2023-03-31,Tomato,42.99,0,Synthetic
2023-04-01,Tomato,35.29,0,Synthetic
2023-04-02,Tomato,37.14,0,Synthetic
2023-04-03,Tomato,41.75,0,Synthetic
2023-04-04,Tomato,34.85,0,Synthetic
2023-04-05,Tomato,32.8,0,Synthetic
2023-04-06,Tomato,38.99,0,Synthetic
2023-04-07,Tomato,36.95,0,Synthetic
2023-04-08,Tomato,31.2,0,Synthetic
2023-04-09,Tomato,23.93,0,Synthetic
2023-04-10,Tomato,35.43,0,Synthetic
2023-04-11,Tomato,32.97,0,Synthetic
2023-04-12,Tomato,27.74,0,Synthetic
2023-04-13,Tomato,38.5,0,Synthetic
2023-04-14,Tomato,30.68,0,Synthetic
2023-04-15,Tomato,25.91,0,Synthetic
2023-04-16,Tomato,30.94,0,Synthetic
2023-04-17,Tomato,28.92,0,Synthetic
2023-04-18,Tomato,32.45,0,Synthetic
2023-04-19,Tomato,32.93,0,Synthetic
2023-04-20,Tomato,25.79,0,Synthetic
2023-04-21,Tomato,27.84,0,Synthetic
2023-04-22,Tomato,22.64,0,Synthetic
2023-04-23,Tomato,37.53,0,Synthetic
2023-04-24,Tomato,25.52,0,Synthetic
2023-04-25,Tomato,18.08,0,Synthetic
2023-04-26,Tomato,16.03,0,Synthetic
2023-04-27,Tomato,25.76,0,Synthetic
2023-04-28,Tomato,16.94,0,Synthetic
2023-04-29,Tomato,25.52,0,Synthetic
2023-04-30,Tomato,28.34,0,Synthetic
2023-05-01,Tomato,23.89,0,Synthetic
2023-05-02,Tomato,20.25,0,Synthetic
2023-05-03,Tomato,23.51,0,Synthetic
2023-05-04,Tomato,21.4,0,Synthetic
2023-05-05,Tomato,29.96,0,Synthetic
2023-05-06,Tomato,26.58,0,Synthetic
2023-05-07,Tomato,18.24,0,Synthetic
2023-05-08,Tomato,27.33,0,Synthetic
2023-05-09,Tomato,21.96,0,Synthetic
2023-05-10,Tomato,20.52,0,Synthetic
2023-05-11,Tomato,23.03,0,Synthetic
2023-05-12,Tomato,8.41,0,Synthetic
2023-05-13,Tomato,16.37,0,Synthetic
2023-05-14,Tomato,12.76,0,Synthetic
2023-05-15,Tomato,15.2,0,Synthetic
2023-05-16,Tomato,16.03,0,Synthetic
2023-05-17,Tomato,9.54,0,Synthetic
2023-05-18,Tomato,23.67,0,Synthetic
2023-05-19,Tomato,26.71,0,Synthetic
2023-05-20,Tomato,17.21,0,Synthetic
2023-05-21,Tomato,20.87,0,Synthetic
2023-05-22,Tomato,12.12,0,Synthetic
2023-05-23,Tomato,17.46,0,Synthetic
2023-05-24,Tomato,14.93,0,Synthetic
2023-05-25,Tomato,28.69,0,Synthetic
2023-05-26,Tomato,10.51,0,Synthetic
2023-05-27,Tomato,27.67,0,Synthetic
2023-05-28,Tomato,21.33,0,Synthetic
2023-05-29,Tomato,16.98,0,Synthetic
2023-05-30,Tomato,24.11,0,Synthetic
2023-05-31,Tomato,22.17,0,Synthetic
2023-06-01,Tomato,18.99,0,Synthetic
2023-06-02,Tomato,26.62,0,Synthetic
2023-06-03,Tomato,28.9,0,Synthetic
2023-06-04,Tomato,24.78,0,Synthetic
2023-06-05,Tomato,22.55,0,Synthetic
2023-06-06,Tomato,23.49,0,Synthetic
2023-06-07,Tomato,26.46,0,Synthetic
2023-06-08,Tomato,21.72,0,Synthetic
2023-06-09,Tomato,28.29,0,Synthetic
2023-06-10,Tomato,36.05,0,Synthetic
2023-06-11,Tomato,33.06,0,Synthetic
2023-06-12,Tomato,30.84,0,Synthetic
2023-06-13,Tomato,35.55,0,Synthetic
2023-06-14,Tomato,29.53,0,Synthetic
2023-06-15,Tomato,30.86,0,Synthetic
2023-06-16,Tomato,25.03,0,Synthetic
2023-06-17,Tomato,33.1,0,Synthetic
2023-06-18,Tomato,36.73,0,Synthetic
2023-06-19,Tomato,32.48,0,Synthetic
2023-06-20,Tomato,36.62,0,Synthetic
2023-06-21,Tomato,31.69,0,Synthetic
2023-06-22,Tomato,36.97,0,Synthetic
2023-06-23,Tomato,36.38,0,Synthetic
2023-06-24,Tomato,31.21,0,Synthetic
2023-06-25,Tomato,30.53,0,Synthetic
2023-06-26,Tomato,40.08,0,Synthetic
2023-06-27,Tomato,40.19,0,Synthetic
2023-06-28,Tomato,45.24,0,Synthetic
2023-06-29,Tomato,45.42,0,Synthetic
2023-06-30,Tomato,42.41,0,Synthetic
2023-07-01,Tomato,40.23,0,Synthetic
2023-07-02,Tomato,46.81,0,Synthetic
2023-07-03,Tomato,49.61,0,Synthetic
2023-07-04,Tomato,42.5,0,Synthetic
2023-07-05,Tomato,49.12,0,Synthetic
2023-07-06,Tomato,41.11,0,Synthetic
2023-07-07,Tomato,45.54,0,Synthetic
2023-07-08,Tomato,41.99,0,Synthetic
2023-07-09,Tomato,48.54,0,Synthetic
2023-07-10,Tomato,47.43,0,Synthetic
2023-07-11,Tomato,49.82,0,Synthetic
2023-07-12,Tomato,49.35,0,Synthetic
2023-07-13,Tomato,55.1,0,Synthetic
2023-07-14,Tomato,57.46,0,Synthetic
2023-07-15,Tomato,43.52,0,Synthetic
2023-07-16,Tomato,42.86,0,Synthetic
2023-07-17,Tomato,45.22,0,Synthetic
2023-07-18,Tomato,50.92,0,Synthetic
2023-07-19,Tomato,54.03,0,Synthetic
2023-07-20,Tomato,54.77,0,Synthetic
2023-07-21,Tomato,58.18,0,Synthetic
2023-07-22,Tomato,43.9,0,Synthetic
2023-07-23,Tomato,54.05,0,Synthetic
2023-07-24,Tomato,46.39,0,Synthetic
2023-07-25,Tomato,49.18,0,Synthetic
2023-07-26,Tomato,56.24,0,Synthetic
2023-07-27,Tomato,50.28,0,Synthetic
2023-07-28,Tomato,63.66,0,Synthetic
2023-07-29,Tomato,62.31,0,Synthetic
2023-07-30,Tomato,61.3,0,Synthetic
2023-07-31,Tomato,46.43,0,Synthetic
2023-08-01,Tomato,58.68,0,Synthetic
2023-08-02,Tomato,66.43,0,Synthetic
2023-08-03,Tomato,47.23,0,Synthetic
2023-08-04,Tomato,56.67,0,Synthetic
2023-08-05,Tomato,53.39,0,Synthetic
2023-08-06,Tomato,62.28,0,Synthetic
2023-08-07,Tomato,54.43,0,Synthetic
2023-08-08,Tomato,61.03,0,Synthetic
2023-08-09,Tomato,64.78,0,Synthetic
2023-08-10,Tomato,59.69,0,Synthetic
2023-08-11,Tomato,56.74,0,Synthetic
2023-08-12,Tomato,65.91,0,Synthetic
2023-08-13,Tomato,54.73,0,Synthetic
2023-08-14,Tomato,73.38,0,Synthetic
2023-08-15,Tomato,60.33,0,Synthetic
2023-08-16,Tomato,58.55,0,Synthetic
2023-08-17,Tomato,56.25,0,Synthetic
2023-08-18,Tomato,50.17,0,Synthetic
2023-08-19,Tomato,51.73,0,Synthetic
2023-08-20,Tomato,62.89,0,Synthetic
2023-08-21,Tomato,58.28,0,Synthetic
2023-08-22,Tomato,61.21,0,Synthetic
2023-08-23,Tomato,65.36,0,Synthetic
2023-08-24,Tomato,63.16,0,Synthetic
2023-08-25,Tomato,62.16,0,Synthetic
2023-08-26,Tomato,51.51,0,Synthetic
2023-08-27,Tomato,60.3,0,Synthetic
2023-08-28,Tomato,51.43,0,Synthetic
2023-08-29,Tomato,51.75,0,Synthetic
2023-08-30,Tomato,60.9,0,Synthetic
2023-08-31,Tomato,54.26,0,Synthetic
2023-09-01,Tomato,58.94,0,Synthetic
2023-09-02,Tomato,61.64,0,Synthetic
2023-09-03,Tomato,56.75,0,Synthetic
2023-09-04,Tomato,51.88,0,Synthetic
2023-09-05,Tomato,59.56,0,Synthetic
2023-09-06,Tomato,60.01,0,Synthetic
2023-09-07,Tomato,52.19,0,Synthetic
2023-09-08,Tomato,51.12,0,Synthetic
2023-09-09,Tomato,48.85,0,Synthetic
2023-09-10,Tomato,49.02,0,Synthetic
2023-09-11,Tomato,47.38,0,Synthetic
2023-09-12,Tomato,52.31,0,Synthetic
2023-09-13,Tomato,53.07,0,Synthetic
2023-09-14,Tomato,51.5,0,Synthetic
2023-09-15,Tomato,57.87,0,Synthetic
2023-09-16,Tomato,40.16,0,Synthetic
2023-09-17,Tomato,55.33,0,Synthetic
2023-09-18,Tomato,40.27,0,Synthetic
2023-09-19,Tomato,38.87,0,Synthetic
2023-09-20,Tomato,42.24,0,Synthetic
2023-09-21,Tomato,37.57,0,Synthetic
2023-09-22,Tomato,47.34,0,Synthetic
2023-09-23,Tomato,41.25,0,Synthetic
2023-09-24,Tomato,39.26,0,Synthetic
2023-09-25,Tomato,45.49,0,Synthetic
2023-09-26,Tomato,42.64,0,Synthetic
2023-09-27,Tomato,52.07,0,Synthetic
2023-09-28,Tomato,41.24,0,Synthetic
2023-09-29,Tomato,28.43,0,Synthetic
2023-09-30,Tomato,42.78,0,Synthetic
2023-10-01,Tomato,36.6,0,Synthetic
2023-10-02,Tomato,44.55,0,Synthetic
2023-10-03,Tomato,44.48,0,Synthetic
2023-10-04,Tomato,36.37,0,Synthetic
2023-10-05,Tomato,31.28,0,Synthetic
2023-10-06,Tomato,30.19,0,Synthetic
2023-10-07,Tomato,32.59,0,Synthetic
2023-10-08,Tomato,34.19,0,Synthetic
2023-10-09,Tomato,31.38,0,Synthetic
2023-10-10,Tomato,30.06,0,Synthetic
2023-10-11,Tomato,40.27,0,Synthetic
2023-10-12,Tomato,27.53,0,Synthetic
2023-10-13,Tomato,40.28,0,Synthetic
2023-10-14,Tomato,36.07,0,Synthetic
2023-10-15,Tomato,27.46,0,Synthetic
2023-10-16,Tomato,31.55,0,Synthetic
2023-10-17,Tomato,34.38,0,Synthetic
2023-10-18,Tomato,29.05,0,Synthetic
2023-10-19,Tomato,26.03,0,Synthetic
2023-10-20,Tomato,23.05,0,Synthetic
2023-10-21,Tomato,20.36,0,Synthetic
2023-10-22,Tomato,25.41,0,Synthetic
2023-10-23,Tomato,28.29,0,Synthetic
2023-10-24,Tomato,13.86,0,Synthetic
2023-10-25,Tomato,26.24,0,Synthetic
2023-10-26,Tomato,19.95,0,Synthetic
2023-10-27,Tomato,17.4,0,Synthetic
2023-10-28,Tomato,14.26,0,Synthetic
2023-10-29,Tomato,15.93,0,Synthetic
2023-10-30,Tomato,21.27,0,Synthetic
2023-10-31,Tomato,15.24,0,Synthetic
2023-11-01,Tomato,25.13,0,Synthetic
2023-11-02,Tomato,18.08,0,Synthetic
2023-11-03,Tomato,10.01,0,Synthetic
2023-11-04,Tomato,20.11,0,Synthetic
2023-11-05,Tomato,19.39,0,Synthetic
2023-11-06,Tomato,17.74,0,Synthetic
2023-11-07,Tomato,27.07,0,Synthetic
2023-11-08,Tomato,23.82,0,Synthetic
2023-11-09,Tomato,22.35,0,Synthetic
2023-11-10,Tomato,23.44,0,Synthetic
2023-11-11,Tomato,16.95,0,Synthetic
2023-11-12,Tomato,22.87,0,Synthetic
2023-11-13,Tomato,14.74,0,Synthetic
2023-11-14,Tomato,27.85,0,Synthetic
2023-11-15,Tomato,18.85,0,Synthetic
2023-11-16,Tomato,20.86,0,Synthetic
2023-11-17,Tomato,20.39,0,Synthetic
2023-11-18,Tomato,20.39,0,Synthetic
2023-11-19,Tomato,17.21,0,Synthetic
2023-11-20,Tomato,23.25,0,Synthetic
2023-11-21,Tomato,17.75,0,Synthetic
2023-11-22,Tomato,17.01,0,Synthetic
2023-11-23,Tomato,31.19,0,Synthetic
2023-11-24,Tomato,17.72,0,Synthetic
2023-11-25,Tomato,21.57,0,Synthetic
2023-11-26,Tomato,28.43,0,Synthetic
2023-11-27,Tomato,17.59,0,Synthetic
2023-11-28,Tomato,24.46,0,Synthetic
2023-11-29,Tomato,19.21,0,Synthetic
2023-11-30,Tomato,32.26,0,Synthetic
2023-12-01,Tomato,18.8,0,Synthetic
2023-12-02,Tomato,32.21,0,Synthetic
2023-12-03,Tomato,32.04,0,Synthetic
2023-12-04,Tomato,26.79,0,Synthetic
2023-12-05,Tomato,27.35,0,Synthetic
2023-12-06,Tomato,14.17,0,Synthetic
2023-12-07,Tomato,27.81,0,Synthetic
2023-12-08,Tomato,25.59,0,Synthetic
2023-12-09,Tomato,33.64,0,Synthetic
2023-12-10,Tomato,21.9,0,Synthetic
2023-12-11,Tomato,27.32,0,Synthetic
2023-12-12,Tomato,41.7,0,Synthetic
2023-12-13,Tomato,34.11,0,Synthetic
2023-12-14,Tomato,27.4,0,Synthetic
2023-12-15,Tomato,34.27,0,Synthetic
2023-12-16,Tomato,31.39,0,Synthetic
2023-12-17,Tomato,29.26,0,Synthetic
2023-12-18,Tomato,36.7,0,Synthetic
2023-12-19,Tomato,35.56,0,Synthetic
2023-12-20,Tomato,30.94,0,Synthetic
2023-12-21,Tomato,35.83,0,Synthetic
2023-12-22,Tomato,34.75,0,Synthetic
2023-12-23,Tomato,38.6,0,Synthetic
2023-12-24,Tomato,39.14,0,Synthetic
2023-12-25,Tomato,43.52,0,Synthetic
2023-12-26,Tomato,31.74,0,Synthetic
2023-12-27,Tomato,42.65,0,Synthetic
2023-12-28,Tomato,31.04,0,Synthetic
2023-12-29,Tomato,38.37,0,Synthetic
2023-12-30,Tomato,38.81,0,Synthetic
2023-12-31,Tomato,38.24,0,Synthetic
2024-01-01,Tomato,40.09,0,Synthetic
2024-01-02,Tomato,40.68,0,Synthetic
2024-01-03,Tomato,53.02,0,Synthetic
2024-01-04,Tomato,42.04,0,Synthetic
2024-01-05,Tomato,52.45,0,Synthetic
2024-01-06,Tomato,41.57,0,Synthetic
2024-01-07,Tomato,38.82,0,Synthetic
2024-01-08,Tomato,52.55,0,Synthetic
2024-01-09,Tomato,48.78,0,Synthetic
2024-01-10,Tomato,41.33,0,Synthetic
2024-01-11,Tomato,45.45,0,Synthetic
2024-01-12,Tomato,53.42,0,Synthetic
2024-01-13,Tomato,56.99,0,Synthetic
2024-01-14,Tomato,47.35,0,Synthetic
2024-01-15,Tomato,59.03,0,Synthetic
2024-01-16,Tomato,50.54,0,Synthetic
2024-01-17,Tomato,50.32,0,Synthetic
2024-01-18,Tomato,55.54,0,Synthetic
2024-01-19,Tomato,61.48,0,Synthetic
2024-01-20,Tomato,66.4,0,Synthetic
2024-01-21,Tomato,50.44,0,Synthetic
2024-01-22,Tomato,55.63,0,Synthetic
2024-01-23,Tomato,56.87,0,Synthetic
2024-01-24,Tomato,63.76,0,Synthetic
2024-01-25,Tomato,57.32,0,Synthetic
2024-01-26,Tomato,56.71,0,Synthetic
2024-01-27,Tomato,61.07,0,Synthetic
2024-01-28,Tomato,52.0,0,Synthetic
2024-01-29,Tomato,64.6,0,Synthetic
2024-01-30,Tomato,56.77,0,Synthetic
2024-01-31,Tomato,57.44,0,Synthetic
2024-02-01,Tomato,53.46,0,Synthetic
2024-02-02,Tomato,63.47,0,Synthetic
2024-02-03,Tomato,66.47,0,Synthetic
2024-02-04,Tomato,65.17,0,Synthetic
2024-02-05,Tomato,49.69,0,Synthetic
2024-02-06,Tomato,52.09,0,Synthetic
2024-02-07,Tomato,52.56,0,Synthetic
2024-02-08,Tomato,53.2,0,Synthetic
2024-02-09,Tomato,59.73,0,Synthetic
2024-02-10,Tomato,65.82,0,Synthetic
2024-02-11,Tomato,59.54,0,Synthetic
2024-02-12,Tomato,60.92,0,Synthetic
2024-02-13,Tomato,57.49,0,Synthetic
2024-02-14,Tomato,57.11,0,Synthetic
2024-02-15,Tomato,70.16,0,Synthetic
2024-02-16,Tomato,68.93,0,Synthetic
2024-02-17,Tomato,53.37,0,Synthetic
2024-02-18,Tomato,48.09,0,Synthetic
2024-02-19,Tomato,55.59,0,Synthetic
2024-02-20,Tomato,63.56,0,Synthetic
2024-02-21,Tomato,59.13,0,Synthetic
2024-02-22,Tomato,57.36,0,Synthetic
2024-02-23,Tomato,52.98,0,Synthetic
2024-02-24,Tomato,61.58,0,Synthetic
2024-02-25,Tomato,49.15,0,Synthetic
2024-02-26,Tomato,60.66,0,Synthetic
2024-02-27,Tomato,51.1,0,Synthetic
2024-02-28,Tomato,58.18,0,Synthetic
2024-02-29,Tomato,51.94,0,Synthetic
2024-03-01,Tomato,48.64,0,Synthetic
2024-03-02,Tomato,56.71,0,Synthetic
2024-03-03,Tomato,58.63,0,Synthetic
2024-03-04,Tomato,52.06,0,Synthetic
2024-03-05,Tomato,55.03,0,Synthetic
2024-03-06,Tomato,47.22,0,Synthetic
2024-03-07,Tomato,49.75,0,Synthetic
2024-03-08,Tomato,63.07,0,Synthetic
2024-03-09,Tomato,40.6,0,Synthetic
2024-03-10,Tomato,52.98,0,Synthetic
2024-03-11,Tomato,48.76,0,Synthetic
2024-03-12,Tomato,50.67,0,Synthetic
2024-03-13,Tomato,52.43,0,Synthetic
2024-03-14,Tomato,45.79,0,Synthetic
2024-03-15,Tomato,50.66,0,Synthetic
2024-03-16,Tomato,52.45,0,Synthetic
2024-03-17,Tomato,45.28,0,Synthetic
2024-03-18,Tomato,37.46,0,Synthetic
2024-03-19,Tomato,44.72,0,Synthetic
2024-03-20,Tomato,40.99,0,Synthetic
2024-03-21,Tomato,31.88,0,Synthetic
2024-03-22,Tomato,37.14,0,Synthetic
2024-03-23,Tomato,40.59,0,Synthetic
2024-03-24,Tomato,31.52,0,Synthetic
2024-03-25,Tomato,38.21,0,Synthetic
2024-03-26,Tomato,49.52,0,Synthetic
2024-03-27,Tomato,39.98,0,Synthetic
2024-03-28,Tomato,36.93,0,Synthetic
2024-03-29,Tomato,31.37,0,Synthetic
2024-03-30,Tomato,30.26,0,Synthetic
2024-03-31,Tomato,39.35,0,Synthetic
2024-04-01,Tomato,38.86,0,Synthetic
2024-04-02,Tomato,32.53,0,Synthetic
2024-04-03,Tomato,27.46,0,Synthetic
2024-04-04,Tomato,29.63,0,Synthetic
2024-04-05,Tomato,30.87,0,Synthetic
2024-04-06,Tomato,30.86,0,Synthetic
2024-04-07,Tomato,27.72,0,Synthetic
2024-04-08,Tomato,27.85,0,Synthetic
2024-04-09,Tomato,23.54,0,Synthetic
2024-04-10,Tomato,28.39,0,Synthetic
2024-04-11,Tomato,27.06,0,Synthetic
2024-04-12,Tomato,24.66,0,Synthetic
2024-04-13,Tomato,27.93,0,Synthetic
2024-04-14,Tomato,25.9,0,Synthetic
2024-04-15,Tomato,17.92,0,Synthetic
2024-04-16,Tomato,27.41,0,Synthetic
2024-04-17,Tomato,33.87,0,Synthetic
2024-04-18,Tomato,23.92,0,Synthetic
2024-04-19,Tomato,24.11,0,Synthetic
2024-04-20,Tomato,20.75,0,Synthetic
2024-04-21,Tomato,26.99,0,Synthetic
2024-04-22,Tomato,16.66,0,Synthetic
2024-04-23,Tomato,23.85,0,Synthetic
2024-04-24,Tomato,31.51,0,Synthetic
2024-04-25,Tomato,20.22,0,Synthetic
2024-04-26,Tomato,21.81,0,Synthetic
2024-04-27,Tomato,16.72,0,Synthetic
2024-04-28,Tomato,27.21,0,Synthetic
2024-04-29,Tomato,23.01,0,Synthetic
2024-04-30,Tomato,23.28,0,Synthetic
2024-05-01,Tomato,28.71,0,Synthetic
2024-05-02,Tomato,20.08,0,Synthetic
2024-05-03,Tomato,21.88,0,Synthetic
2024-05-04,Tomato,22.81,0,Synthetic
2024-05-05,Tomato,25.67,0,Synthetic
2024-05-06,Tomato,16.58,0,Synthetic
2024-05-07,Tomato,16.39,0,Synthetic
2024-05-08,Tomato,14.55,0,Synthetic
2024-05-09,Tomato,14.25,0,Synthetic
2024-05-10,Tomato,22.08,0,Synthetic
2024-05-11,Tomato,20.14,0,Synthetic
2024-05-12,Tomato,16.38,0,Synthetic
2024-05-13,Tomato,17.71,0,Synthetic
2024-05-14,Tomato,19.57,0,Synthetic
2024-05-15,Tomato,12.92,0,Synthetic
2024-05-16,Tomato,19.01,0,Synthetic
2024-05-17,Tomato,25.69,0,Synthetic
2024-05-18,Tomato,19.04,0,Synthetic
2024-05-19,Tomato,20.93,0,Synthetic
2024-05-20,Tomato,21.14,0,Synthetic
2024-05-21,Tomato,16.01,0,Synthetic
2024-05-22,Tomato,23.41,0,Synthetic
2024-05-23,Tomato,23.74,0,Synthetic
2024-05-24,Tomato,19.48,0,Synthetic
2024-05-25,Tomato,29.16,0,Synthetic
2024-05-26,Tomato,23.1,0,Synthetic
2024-05-27,Tomato,23.71,0,Synthetic
2024-05-28,Tomato,18.83,0,Synthetic
2024-05-29,Tomato,25.9,0,Synthetic
2024-05-30,Tomato,29.53,0,Synthetic
2024-05-31,Tomato,26.09,0,Synthetic
2024-06-01,Tomato,12.1,0,Synthetic
2024-06-02,Tomato,21.93,0,Synthetic
2024-06-03,Tomato,24.43,0,Synthetic
2024-06-04,Tomato,29.66,0,Synthetic
2024-06-05,Tomato,27.83,0,Synthetic
2024-06-06,Tomato,12.75,0,Synthetic
2024-06-07,Tomato,27.91,0,Synthetic
2024-06-08,Tomato,23.94,0,Synthetic
2024-06-09,Tomato,30.47,0,Synthetic
2024-06-10,Tomato,28.14,0,Synthetic
2024-06-11,Tomato,39.04,0,Synthetic
2024-06-12,Tomato,26.14,0,Synthetic
2024-06-13,Tomato,40.5,0,Synthetic
2024-06-14,Tomato,33.87,0,Synthetic
2024-06-15,Tomato,33.31,0,Synthetic
2024-06-16,Tomato,29.33,0,Synthetic
2024-06-17,Tomato,39.9,0,Synthetic
2024-06-18,Tomato,22.02,0,Synthetic
2024-06-19,Tomato,30.98,0,Synthetic
2024-06-20,Tomato,35.08,0,Synthetic
2024-06-21,Tomato,29.63,0,Synthetic
2024-06-22,Tomato,27.95,0,Synthetic
2024-06-23,Tomato,45.68,0,Synthetic
2024-06-24,Tomato,42.12,0,Synthetic
2024-06-25,Tomato,29.48,0,Synthetic
2024-06-26,Tomato,34.8,0,Synthetic
2024-06-27,Tomato,33.69,0,Synthetic
2024-06-28,Tomato,48.07,0,Synthetic
2024-06-29,Tomato,47.22,0,Synthetic
2024-06-30,Tomato,37.26,0,Synthetic
2024-07-01,Tomato,45.44,0,Synthetic
2024-07-02,Tomato,43.96,0,Synthetic
2024-07-03,Tomato,49.7,0,Synthetic
2024-07-04,Tomato,45.55,0,Synthetic
2024-07-05,Tomato,44.47,0,Synthetic
2024-07-06,Tomato,45.83,0,Synthetic
2024-07-07,Tomato,46.11,0,Synthetic
2024-07-08,Tomato,51.54,0,Synthetic
2024-07-09,Tomato,50.85,0,Synthetic
2024-07-10,Tomato,44.94,0,Synthetic
2024-07-11,Tomato,46.12,0,Synthetic
2024-07-12,Tomato,55.01,0,Synthetic
2024-07-13,Tomato,50.14,0,Synthetic
2024-07-14,Tomato,50.36,0,Synthetic
2024-07-15,Tomato,51.39,0,Synthetic
2024-07-16,Tomato,57.99,0,Synthetic
2024-07-17,Tomato,47.99,0,Synthetic
2024-07-18,Tomato,57.73,0,Synthetic
2024-07-19,Tomato,60.6,0,Synthetic
2024-07-20,Tomato,58.92,0,Synthetic
2024-07-21,Tomato,57.58,0,Synthetic
2024-07-22,Tomato,57.05,0,Synthetic
2024-07-23,Tomato,52.46,0,Synthetic
2024-07-24,Tomato,55.63,0,Synthetic
2024-07-25,Tomato,61.05,0,Synthetic
2024-07-26,Tomato,59.82,0,Synthetic
2024-07-27,Tomato,59.93,0,Synthetic
2024-07-28,Tomato,56.52,0,Synthetic
2024-07-29,Tomato,63.25,0,Synthetic
2024-07-30,Tomato,59.14,0,Synthetic
2024-07-31,Tomato,58.6,0,Synthetic
2024-08-01,Tomato,59.2,0,Synthetic
2024-08-02,Tomato,61.08,0,Synthetic
2024-08-03,Tomato,50.92,0,Synthetic
2024-08-04,Tomato,63.23,0,Synthetic
2024-08-05,Tomato,62.56,0,Synthetic
2024-08-06,Tomato,61.58,0,Synthetic
2024-08-07,Tomato,68.57,0,Synthetic
2024-08-08,Tomato,69.04,0,Synthetic
2024-08-09,Tomato,58.91,0,Synthetic
2024-08-10,Tomato,59.15,0,Synthetic
2024-08-11,Tomato,54.27,0,Synthetic
2024-08-12,Tomato,61.47,0,Synthetic
2024-08-13,Tomato,64.36,0,Synthetic
2024-08-14,Tomato,61.69,0,Synthetic
2024-08-15,Tomato,56.69,0,Synthetic
2024-08-16,Tomato,58.9,0,Synthetic
2024-08-17,Tomato,58.02,0,Synthetic
2024-08-18,Tomato,65.29,0,Synthetic
2024-08-19,Tomato,62.84,0,Synthetic
2024-08-20,Tomato,57.36,0,Synthetic
2024-08-21,Tomato,58.38,0,Synthetic
2024-08-22,Tomato,49.7,0,Synthetic
2024-08-23,Tomato,61.47,0,Synthetic
2024-08-24,Tomato,56.37,0,Synthetic
2024-08-25,Tomato,50.44,0,Synthetic
2024-08-26,Tomato,62.88,0,Synthetic
2024-08-27,Tomato,54.01,0,Synthetic
2024-08-28,Tomato,57.04,0,Synthetic
2024-08-29,Tomato,61.4,0,Synthetic
2024-08-30,Tomato,48.59,0,Synthetic
2024-08-31,Tomato,52.64,0,Synthetic
2024-09-01,Tomato,57.85,0,Synthetic
2024-09-02,Tomato,53.71,0,Synthetic
2024-09-03,Tomato,54.8,0,Synthetic
2024-09-04,Tomato,60.16,0,Synthetic
2024-09-05,Tomato,57.15,0,Synthetic
2024-09-06,Tomato,49.5,0,Synthetic
2024-09-07,Tomato,51.98,0,Synthetic
2024-09-08,Tomato,50.86,0,Synthetic
2024-09-09,Tomato,50.9,0,Synthetic
2024-09-10,Tomato,41.11,0,Synthetic
2024-09-11,Tomato,43.49,0,Synthetic
2024-09-12,Tomato,42.79,0,Synthetic
2024-09-13,Tomato,54.77,0,Synthetic
2024-09-14,Tomato,50.23,0,Synthetic
2024-09-15,Tomato,38.79,0,Synthetic
2024-09-16,Tomato,40.89,0,Synthetic
2024-09-17,Tomato,42.39,0,Synthetic
2024-09-18,Tomato,40.96,0,Synthetic
2024-09-19,Tomato,29.07,0,Synthetic
2024-09-20,Tomato,50.76,0,Synthetic
2024-09-21,Tomato,44.1,0,Synthetic
2024-09-22,Tomato,45.79,0,Synthetic
2024-09-23,Tomato,31.05,0,Synthetic
2024-09-24,Tomato,44.43,0,Synthetic
2024-09-25,Tomato,36.05,0,Synthetic
2024-09-26,Tomato,48.45,0,Synthetic
2024-09-27,Tomato,31.33,0,Synthetic
2024-09-28,Tomato,30.33,0,Synthetic
2024-09-29,Tomato,34.32,0,Synthetic
2024-09-30,Tomato,36.59,0,Synthetic
2024-10-01,Tomato,36.54,0,Synthetic
2024-10-02,Tomato,24.05,0,Synthetic
2024-10-03,Tomato,46.37,0,Synthetic
2024-10-04,Tomato,40.71,0,Synthetic
2024-10-05,Tomato,27.76,0,Synthetic
2024-10-06,Tomato,32.95,0,Synthetic
2024-10-07,Tomato,24.98,0,Synthetic
2024-10-08,Tomato,31.85,0,Synthetic
2024-10-09,Tomato,37.78,0,Synthetic
2024-10-10,Tomato,34.33,0,Synthetic
2024-10-11,Tomato,33.06,0,Synthetic
2024-10-12,Tomato,27.96,0,Synthetic
2024-10-13,Tomato,31.42,0,Synthetic
2024-10-14,Tomato,24.83,0,Synthetic
2024-10-15,Tomato,23.59,0,Synthetic
2024-10-16,Tomato,27.99,0,Synthetic
2024-10-17,Tomato,26.49,0,Synthetic
2024-10-18,Tomato,20.36,0,Synthetic
2024-10-19,Tomato,15.37,0,Synthetic
2024-10-20,Tomato,18.79,0,Synthetic
2024-10-21,Tomato,22.83,0,Synthetic
2024-10-22,Tomato,25.25,0,Synthetic
2024-10-23,Tomato,18.3,0,Synthetic
2024-10-24,Tomato,22.17,0,Synthetic
2024-10-25,Tomato,26.15,0,Synthetic
2024-10-26,Tomato,18.1,0,Synthetic
2024-10-27,Tomato,19.28,0,Synthetic
2024-10-28,Tomato,20.34,0,Synthetic
2024-10-29,Tomato,14.58,0,Synthetic
2024-10-30,Tomato,15.88,0,Synthetic
2024-10-31,Tomato,25.03,0,Synthetic
2024-11-01,Tomato,23.59,0,Synthetic
2024-11-02,Tomato,17.17,0,Synthetic
2024-11-03,Tomato,18.13,0,Synthetic
2024-11-04,Tomato,19.48,0,Synthetic
2024-11-05,Tomato,11.41,0,Synthetic
2024-11-06,Tomato,14.11,0,Synthetic
2024-11-07,Tomato,16.34,0,Synthetic
2024-11-08,Tomato,19.67,0,Synthetic
2024-11-09,Tomato,23.39,0,Synthetic
2024-11-10,Tomato,20.88,0,Synthetic
2024-11-11,Tomato,20.94,0,Synthetic
2024-11-12,Tomato,16.32,0,Synthetic
2024-11-13,Tomato,17.3,0,Synthetic
2024-11-14,Tomato,24.31,0,Synthetic
2024-11-15,Tomato,20.47,0,Synthetic
2024-11-16,Tomato,21.21,0,Synthetic
2024-11-17,Tomato,17.82,0,Synthetic
2024-11-18,Tomato,19.9,0,Synthetic
2024-11-19,Tomato,25.37,0,Synthetic
2024-11-20,Tomato,24.17,0,Synthetic
2024-11-21,Tomato,18.2,0,Synthetic
2024-11-22,Tomato,25.26,0,Synthetic
2024-11-23,Tomato,37.1,0,Synthetic
2024-11-24,Tomato,19.25,0,Synthetic
2024-11-25,Tomato,25.73,0,Synthetic
2024-11-26,Tomato,18.52,0,Synthetic
2024-11-27,Tomato,32.48,0,Synthetic
2024-11-28,Tomato,26.58,0,Synthetic
2024-11-29,Tomato,20.5,0,Synthetic
2024-11-30,Tomato,33.1,0,Synthetic
2024-12-01,Tomato,28.08,0,Synthetic
2024-12-02,Tomato,21.97,0,Synthetic
2024-12-03,Tomato,31.66,0,Synthetic
2024-12-04,Tomato,28.91,0,Synthetic
2024-12-05,Tomato,35.75,0,Synthetic
2024-12-06,Tomato,31.78,0,Synthetic
2024-12-07,Tomato,29.32,0,Synthetic
2024-12-08,Tomato,26.56,0,Synthetic
2024-12-09,Tomato,38.57,0,Synthetic
2024-12-10,Tomato,29.41,0,Synthetic
2024-12-11,Tomato,36.34,0,Synthetic
2024-12-12,Tomato,34.11,0,Synthetic
2024-12-13,Tomato,40.94,0,Synthetic
2024-12-14,Tomato,30.58,0,Synthetic
2024-12-15,Tomato,34.96,0,Synthetic
2024-12-16,Tomato,33.31,0,Synthetic
2024-12-17,Tomato,35.74,0,Synthetic
2024-12-18,Tomato,35.68,0,Synthetic
2024-12-19,Tomato,45.87,0,Synthetic
2024-12-20,Tomato,39.14,0,Synthetic
2024-12-21,Tomato,51.52,0,Synthetic
2024-12-22,Tomato,38.93,0,Synthetic
2024-12-23,Tomato,36.91,0,Synthetic
2024-12-24,Tomato,34.87,0,Synthetic
2024-12-25,Tomato,42.84,0,Synthetic
2024-12-26,Tomato,38.99,0,Synthetic
2024-12-27,Tomato,45.5,0,Synthetic
2024-12-28,Tomato,44.95,0,Synthetic
2024-12-29,Tomato,45.2,0,Synthetic
2024-12-30,Tomato,47.96,0,Synthetic
2024-12-31,Tomato,47.85,0,Synthetic
2025-01-01,Tomato,48.35,0,Synthetic
2025-01-02,Tomato,46.52,0,Synthetic
2025-01-03,Tomato,44.65,0,Synthetic
2025-01-04,Tomato,55.23,0,Synthetic
2025-01-05,Tomato,48.4,0,Synthetic
2025-01-06,Tomato,49.84,0,Synthetic
2025-01-07,Tomato,49.23,0,Synthetic
2025-01-08,Tomato,50.97,0,Synthetic
2025-01-09,Tomato,48.54,0,Synthetic
2025-01-10,Tomato,55.82,0,Synthetic
2025-01-11,Tomato,58.52,0,Synthetic
2025-01-12,Tomato,56.09,0,Synthetic
2025-01-13,Tomato,56.27,0,Synthetic
2025-01-14,Tomato,50.79,0,Synthetic
2025-01-15,Tomato,62.74,0,Synthetic
2025-01-16,Tomato,62.4,0,Synthetic
2025-01-17,Tomato,46.81,0,Synthetic
2025-01-18,Tomato,51.81,0,Synthetic
2025-01-19,Tomato,64.13,0,Synthetic
2025-01-20,Tomato,57.94,0,Synthetic
2025-01-21,Tomato,65.58,0,Synthetic
2025-01-22,Tomato,58.78,0,Synthetic
2025-01-23,Tomato,51.57,0,Synthetic
2025-01-24,Tomato,54.62,0,Synthetic
2025-01-25,Tomato,59.25,0,Synthetic
2025-01-26,Tomato,50.28,0,Synthetic
2025-01-27,Tomato,51.42,0,Synthetic
2025-01-28,Tomato,68.21,0,Synthetic
2025-01-29,Tomato,55.58,0,Synthetic
2025-01-30,Tomato,57.58,0,Synthetic
2025-01-31,Tomato,55.01,0,Synthetic
2025-02-01,Tomato,73.1,0,Synthetic
2025-02-02,Tomato,60.1,0,Synthetic
2025-02-03,Tomato,55.5,0,Synthetic
2025-02-04,Tomato,58.64,0,Synthetic
2025-02-05,Tomato,55.01,0,Synthetic
2025-02-06,Tomato,59.97,0,Synthetic
2025-02-07,Tomato,58.19,0,Synthetic
2025-02-08,Tomato,62.98,0,Synthetic
2025-02-09,Tomato,57.69,0,Synthetic
2025-02-10,Tomato,58.74,0,Synthetic
2025-02-11,Tomato,57.09,0,Synthetic
2025-02-12,Tomato,66.5,0,Synthetic
2025-02-13,Tomato,57.77,0,Synthetic
2025-02-14,Tomato,57.56,0,Synthetic
2025-02-15,Tomato,64.01,0,Synthetic
2025-02-16,Tomato,60.37,0,Synthetic
2025-02-17,Tomato,55.76,0,Synthetic
2025-02-18,Tomato,56.92,0,Synthetic
2025-02-19,Tomato,54.19,0,Synthetic
2025-02-20,Tomato,56.1,0,Synthetic
2025-02-21,Tomato,49.23,0,Synthetic
2025-02-22,Tomato,52.66,0,Synthetic
2025-02-23,Tomato,60.99,0,Synthetic
2025-02-24,Tomato,58.89,0,Synthetic
2025-02-25,Tomato,70.05,0,Synthetic
2025-02-26,Tomato,53.52,0,Synthetic
2025-02-27,Tomato,55.29,0,Synthetic
2025-02-28,Tomato,49.15,0,Synthetic
2025-03-01,Tomato,47.11,0,Synthetic
2025-03-02,Tomato,53.87,0,Synthetic
2025-03-03,Tomato,47.41,0,Synthetic
2025-03-04,Tomato,65.24,0,Synthetic
2025-03-05,Tomato,47.79,0,Synthetic
2025-03-06,Tomato,47.68,0,Synthetic
2025-03-07,Tomato,52.78,0,Synthetic
2025-03-08,Tomato,57.59,0,Synthetic
2025-03-09,Tomato,49.45,0,Synthetic
2025-03-10,Tomato,46.2,0,Synthetic
2025-03-11,Tomato,58.5,0,Synthetic
2025-03-12,Tomato,50.48,0,Synthetic
2025-03-13,Tomato,47.97,0,Synthetic
2025-03-14,Tomato,44.65,0,Synthetic
2025-03-15,Tomato,50.03,0,Synthetic
2025-03-16,Tomato,46.22,0,Synthetic
2025-03-17,Tomato,47.48,0,Synthetic
2025-03-18,Tomato,47.46,0,Synthetic
2025-03-19,Tomato,45.15,0,Synthetic
2025-03-20,Tomato,38.44,0,Synthetic
2025-03-21,Tomato,41.35,0,Synthetic
2025-03-22,Tomato,40.85,0,Synthetic
2025-03-23,Tomato,47.89,0,Synthetic
2025-03-24,Tomato,35.18,0,Synthetic
2025-03-25,Tomato,37.3,0,Synthetic
2025-03-26,Tomato,36.62,0,Synthetic
2025-03-27,Tomato,35.91,0,Synthetic
2025-03-28,Tomato,35.94,0,Synthetic
2025-03-29,Tomato,35.26,0,Synthetic
2025-03-30,Tomato,38.05,0,Synthetic
2025-03-31,Tomato,33.8,0,Synthetic
2025-04-01,Tomato,41.15,0,Synthetic
2025-04-02,Tomato,39.35,0,Synthetic
2025-04-03,Tomato,24.99,0,Synthetic
2025-04-04,Tomato,35.39,0,Synthetic
2025-04-05,Tomato,23.53,0,Synthetic
2025-04-06,Tomato,22.06,0,Synthetic
2025-04-07,Tomato,20.17,0,Synthetic
2025-04-08,Tomato,24.02,0,Synthetic
2025-04-09,Tomato,27.01,0,Synthetic
2025-04-10,Tomato,27.8,0,Synthetic
2025-04-11,Tomato,25.73,0,Synthetic
2025-04-12,Tomato,30.67,0,Synthetic
2025-04-13,Tomato,21.44,0,Synthetic
2025-04-14,Tomato,18.94,0,Synthetic
2025-04-15,Tomato,27.67,0,Synthetic
2025-04-16,Tomato,20.82,0,Synthetic
2025-04-17,Tomato,18.51,0,Synthetic
2025-04-18,Tomato,30.86,0,Synthetic
2025-04-19,Tomato,25.26,0,Synthetic
2025-04-20,Tomato,21.96,0,Synthetic
2025-04-21,Tomato,18.69,0,Synthetic
2025-04-22,Tomato,26.68,0,Synthetic
2025-04-23,Tomato,22.11,0,Synthetic
2025-04-24,Tomato,24.59,0,Synthetic
2025-04-25,Tomato,24.78,0,Synthetic
2025-04-26,Tomato,23.65,0,Synthetic
2025-04-27,Tomato,24.32,0,Synthetic
2025-04-28,Tomato,19.37,0,Synthetic
2025-04-29,Tomato,13.52,0,Synthetic
2025-04-30,Tomato,8.2,0,Synthetic
2025-05-01,Tomato,16.01,0,Synthetic
2025-05-02,Tomato,27.65,0,Synthetic
2025-05-03,Tomato,20.26,0,Synthetic
2025-05-04,Tomato,17.12,0,Synthetic
2025-05-05,Tomato,14.48,0,Synthetic
2025-05-06,Tomato,17.23,0,Synthetic
2025-05-07,Tomato,16.7,0,Synthetic
2025-05-08,Tomato,16.48,0,Synthetic
2025-05-09,Tomato,14.3,0,Synthetic
2025-05-10,Tomato,14.6,0,Synthetic
2025-05-11,Tomato,20.77,0,Synthetic
2025-05-12,Tomato,23.81,0,Synthetic
2025-05-13,Tomato,20.14,0,Synthetic
2025-05-14,Tomato,19.47,0,Synthetic
2025-05-15,Tomato,13.63,0,Synthetic
2025-05-16,Tomato,23.05,0,Synthetic
2025-05-17,Tomato,24.03,0,Synthetic
2025-05-18,Tomato,18.04,0,Synthetic
2025-05-19,Tomato,29.84,0,Synthetic
2025-05-20,Tomato,22.17,0,Synthetic
2025-05-21,Tomato,19.2,0,Synthetic
2025-05-22,Tomato,19.7,0,Synthetic
2025-05-23,Tomato,22.05,0,Synthetic
2025-05-24,Tomato,27.22,0,Synthetic
2025-05-25,Tomato,17.89,0,Synthetic
2025-05-26,Tomato,26.13,0,Synthetic
2025-05-27,Tomato,23.13,0,Synthetic
2025-05-28,Tomato,18.41,0,Synthetic
2025-05-29,Tomato,27.09,0,Synthetic
2025-05-30,Tomato,32.99,0,Synthetic
2025-05-31,Tomato,26.61,0,Synthetic
2023-01-01,Onion,25.85,0,Synthetic
2023-01-02,Onion,25.64,0,Synthetic
2023-01-03,Onion,32.58,0,Synthetic
2023-01-04,Onion,31.44,0,Synthetic
2023-01-05,Onion,30.88,0,Synthetic
2023-01-06,Onion,41.84,0,Synthetic
2023-01-07,Onion,28.76,0,Synthetic
2023-01-08,Onion,30.41,0,Synthetic
2023-01-09,Onion,32.43,0,Synthetic
2023-01-10,Onion,30.54,0,Synthetic
2023-01-11,Onion,34.35,0,Synthetic
2023-01-12,Onion,30.72,0,Synthetic
2023-01-13,Onion,26.76,0,Synthetic
2023-01-14,Onion,37.72,0,Synthetic
2023-01-15,Onion,32.62,0,Synthetic
2023-01-16,Onion,38.26,0,Synthetic
2023-01-17,Onion,37.66,0,Synthetic
2023-01-18,Onion,38.9,0,Synthetic
2023-01-19,Onion,36.56,0,Synthetic
2023-01-20,Onion,41.07,0,Synthetic
2023-01-21,Onion,40.05,0,Synthetic
2023-01-22,Onion,30.24,0,Synthetic
2023-01-23,Onion,41.13,0,Synthetic
2023-01-24,Onion,40.64,0,Synthetic
2023-01-25,Onion,31.51,0,Synthetic
2023-01-26,Onion,34.9,0,Synthetic
2023-01-27,Onion,33.19,0,Synthetic
2023-01-28,Onion,31.95,0,Synthetic
2023-01-29,Onion,37.68,0,Synthetic
2023-01-30,Onion,37.0,0,Synthetic
2023-01-31,Onion,34.95,0,Synthetic
2023-02-01,Onion,38.95,0,Synthetic
2023-02-02,Onion,39.22,0,Synthetic
2023-02-03,Onion,35.24,0,Synthetic
2023-02-04,Onion,36.05,0,Synthetic
2023-02-05,Onion,42.34,0,Synthetic
2023-02-06,Onion,37.38,0,Synthetic
2023-02-07,Onion,41.83,0,Synthetic
2023-02-08,Onion,44.15,0,Synthetic
2023-02-09,Onion,45.81,0,Synthetic
2023-02-10,Onion,44.71,0,Synthetic
2023-02-11,Onion,41.42,0,Synthetic
2023-02-12,Onion,37.38,0,Synthetic
2023-02-13,Onion,42.46,0,Synthetic
2023-02-14,Onion,39.81,0,Synthetic
2023-02-15,Onion,37.34,0,Synthetic
2023-02-16,Onion,39.58,0,Synthetic
2023-02-17,Onion,35.92,0,Synthetic
2023-02-18,Onion,46.51,0,Synthetic
2023-02-19,Onion,44.47,0,Synthetic
2023-02-20,Onion,43.53,0,Synthetic
2023-02-21,Onion,39.38,0,Synthetic
2023-02-22,Onion,41.34,0,Synthetic
2023-02-23,Onion,43.52,0,Synthetic
2023-02-24,Onion,51.31,0,Synthetic
2023-02-25,Onion,37.64,0,Synthetic
2023-02-26,Onion,43.4,0,Synthetic
2023-02-27,Onion,41.0,0,Synthetic
2023-02-28,Onion,45.72,0,Synthetic
2023-03-01,Onion,44.9,0,Synthetic
2023-03-02,Onion,52.6,0,Synthetic
2023-03-03,Onion,39.87,0,Synthetic
2023-03-04,Onion,41.9,0,Synthetic
2023-03-05,Onion,42.16,0,Synthetic
2023-03-06,Onion,46.51,0,Synthetic
2023-03-07,Onion,48.71,0,Synthetic
2023-03-08,Onion,48.44,0,Synthetic
2023-03-09,Onion,38.68,0,Synthetic
2023-03-10,Onion,47.85,0,Synthetic
2023-03-11,Onion,40.75,0,Synthetic
2023-03-12,Onion,38.66,0,Synthetic
2023-03-13,Onion,46.89,0,Synthetic
2023-03-14,Onion,45.08,0,Synthetic
2023-03-15,Onion,39.51,0,Synthetic
2023-03-16,Onion,43.7,0,Synthetic
2023-03-17,Onion,47.06,0,Synthetic
2023-03-18,Onion,51.96,0,Synthetic
2023-03-19,Onion,45.17,0,Synthetic
2023-03-20,Onion,55.88,0,Synthetic
2023-03-21,Onion,44.83,0,Synthetic
2023-03-22,Onion,45.62,0,Synthetic
2023-03-23,Onion,39.27,0,Synthetic
2023-03-24,Onion,34.04,0,Synthetic
2023-03-25,Onion,51.57,0,Synthetic
2023-03-26,Onion,50.63,0,Synthetic
2023-03-27,Onion,46.41,0,Synthetic
2023-03-28,Onion,41.74,0,Synthetic
2023-03-29,Onion,52.85,0,Synthetic
2023-03-30,Onion,52.11,0,Synthetic
2023-03-31,Onion,50.33,0,Synthetic
2023-04-01,Onion,39.01,0,Synthetic
2023-04-02,Onion,38.55,0,Synthetic
2023-04-03,Onion,45.59,0,Synthetic
2023-04-04,Onion,51.01,0,Synthetic
2023-04-05,Onion,45.64,0,Synthetic
2023-04-06,Onion,49.57,0,Synthetic
2023-04-07,Onion,38.74,0,Synthetic
2023-04-08,Onion,52.38,0,Synthetic
2023-04-09,Onion,41.67,0,Synthetic
2023-04-10,Onion,40.3,0,Synthetic
2023-04-11,Onion,45.1,0,Synthetic
2023-04-12,Onion,44.71,0,Synthetic
2023-04-13,Onion,50.29,0,Synthetic
2023-04-14,Onion,38.68,0,Synthetic
2023-04-15,Onion,38.21,0,Synthetic
2023-04-16,Onion,47.75,0,Synthetic
2023-04-17,Onion,44.61,0,Synthetic
2023-04-18,Onion,50.85,0,Synthetic
2023-04-19,Onion,42.35,0,Synthetic
2023-04-20,Onion,44.98,0,Synthetic
2023-04-21,Onion,49.95,0,Synthetic
2023-04-22,Onion,47.09,0,Synthetic
2023-04-23,Onion,38.93,0,Synthetic
2023-04-24,Onion,41.52,0,Synthetic
2023-04-25,Onion,36.55,0,Synthetic
2023-04-26,Onion,41.7,0,Synthetic
2023-04-27,Onion,41.01,0,Synthetic
2023-04-28,Onion,44.97,0,Synthetic
2023-04-29,Onion,41.99,0,Synthetic
2023-04-30,Onion,44.77,0,Synthetic
2023-05-01,Onion,37.51,0,Synthetic
2023-05-02,Onion,44.64,0,Synthetic
2023-05-03,Onion,50.94,0,Synthetic
2023-05-04,Onion,38.99,0,Synthetic
2023-05-05,Onion,35.49,0,Synthetic
2023-05-06,Onion,39.34,0,Synthetic
2023-05-07,Onion,40.76,0,Synthetic
2023-05-08,Onion,43.25,0,Synthetic
2023-05-09,Onion,47.22,0,Synthetic
2023-05-10,Onion,45.58,0,Synthetic
2023-05-11,Onion,43.61,0,Synthetic
2023-05-12,Onion,35.08,0,Synthetic
2023-05-13,Onion,47.87,0,Synthetic
2023-05-14,Onion,44.35,0,Synthetic
2023-05-15,Onion,39.57,0,Synthetic
2023-05-16,Onion,38.22,0,Synthetic
2023-05-17,Onion,44.75,0,Synthetic
2023-05-18,Onion,43.95,0,Synthetic
2023-05-19,Onion,38.63,0,Synthetic
2023-05-20,Onion,40.84,0,Synthetic
2023-05-21,Onion,37.68,0,Synthetic
2023-05-22,Onion,34.24,0,Synthetic
2023-05-23,Onion,43.69,0,Synthetic
2023-05-24,Onion,43.42,0,Synthetic
2023-05-25,Onion,33.69,0,Synthetic
2023-05-26,Onion,39.39,0,Synthetic
2023-05-27,Onion,40.45,0,Synthetic
2023-05-28,Onion,38.46,0,Synthetic
2023-05-29,Onion,33.96,0,Synthetic
2023-05-30,Onion,35.7,0,Synthetic
2023-05-31,Onion,24.42,0,Synthetic
2023-06-01,Onion,34.4,0,Synthetic
2023-06-02,Onion,33.94,0,Synthetic
2023-06-03,Onion,37.93,0,Synthetic
2023-06-04,Onion,43.96,0,Synthetic
2023-06-05,Onion,40.91,0,Synthetic
2023-06-06,Onion,39.49,0,Synthetic
2023-06-07,Onion,34.04,0,Synthetic
2023-06-08,Onion,40.02,0,Synthetic
2023-06-09,Onion,34.92,0,Synthetic
2023-06-10,Onion,35.2,0,Synthetic
2023-06-11,Onion,37.02,0,Synthetic
2023-06-12,Onion,45.83,0,Synthetic
2023-06-13,Onion,40.14,0,Synthetic
2023-06-14,Onion,31.43,0,Synthetic
2023-06-15,Onion,31.25,0,Synthetic
2023-06-16,Onion,31.74,0,Synthetic
2023-06-17,Onion,33.37,0,Synthetic
2023-06-18,Onion,34.98,0,Synthetic
2023-06-19,Onion,35.28,0,Synthetic
2023-06-20,Onion,25.59,0,Synthetic
2023-06-21,Onion,36.22,0,Synthetic
2023-06-22,Onion,33.96,0,Synthetic
2023-06-23,Onion,32.81,0,Synthetic
2023-06-24,Onion,37.43,0,Synthetic
2023-06-25,Onion,35.1,0,Synthetic
2023-06-26,Onion,31.55,0,Synthetic
2023-06-27,Onion,27.09,0,Synthetic
2023-06-28,Onion,35.43,0,Synthetic
2023-06-29,Onion,28.19,0,Synthetic
2023-06-30,Onion,37.65,0,Synthetic
2023-07-01,Onion,33.14,0,Synthetic
2023-07-02,Onion,29.71,0,Synthetic
2023-07-03,Onion,32.4,0,Synthetic
2023-07-04,Onion,33.38,0,Synthetic
2023-07-05,Onion,23.24,0,Synthetic
2023-07-06,Onion,31.6,0,Synthetic
2023-07-07,Onion,27.86,0,Synthetic
2023-07-08,Onion,31.53,0,Synthetic
2023-07-09,Onion,29.12,0,Synthetic
2023-07-10,Onion,29.99,0,Synthetic
2023-07-11,Onion,23.64,0,Synthetic
2023-07-12,Onion,32.42,0,Synthetic
2023-07-13,Onion,16.01,0,Synthetic
2023-07-14,Onion,22.83,0,Synthetic
2023-07-15,Onion,32.56,0,Synthetic
2023-07-16,Onion,30.97,0,Synthetic
2023-07-17,Onion,24.11,0,Synthetic
2023-07-18,Onion,22.83,0,Synthetic
2023-07-19,Onion,31.67,0,Synthetic
2023-07-20,Onion,31.64,0,Synthetic
2023-07-21,Onion,28.3,0,Synthetic
2023-07-22,Onion,28.47,0,Synthetic
2023-07-23,Onion,24.45,0,Synthetic
2023-07-24,Onion,18.32,0,Synthetic
2023-07-25,Onion,26.31,0,Synthetic
2023-07-26,Onion,19.87,0,Synthetic
2023-07-27,Onion,19.25,0,Synthetic
2023-07-28,Onion,20.27,0,Synthetic
2023-07-29,Onion,20.63,0,Synthetic
2023-07-30,Onion,24.45,0,Synthetic
2023-07-31,Onion,20.22,0,Synthetic
2023-08-01,Onion,31.23,0,Synthetic
2023-08-02,Onion,14.62,0,Synthetic
2023-08-03,Onion,20.61,0,Synthetic
2023-08-04,Onion,20.42,0,Synthetic
2023-08-05,Onion,18.61,0,Synthetic
2023-08-06,Onion,20.41,0,Synthetic
2023-08-07,Onion,20.61,0,Synthetic
2023-08-08,Onion,18.36,0,Synthetic
2023-08-09,Onion,22.65,0,Synthetic
2023-08-10,Onion,28.39,0,Synthetic
2023-08-11,Onion,19.15,0,Synthetic
2023-08-12,Onion,19.73,0,Synthetic
2023-08-13,Onion,16.35,0,Synthetic
2023-08-14,Onion,20.17,0,Synthetic
2023-08-15,Onion,18.52,0,Synthetic
2023-08-16,Onion,19.47,0,Synthetic
2023-08-17,Onion,13.7,0,Synthetic
2023-08-18,Onion,12.74,0,Synthetic
2023-08-19,Onion,20.39,0,Synthetic
2023-08-20,Onion,15.87,0,Synthetic
2023-08-21,Onion,17.97,0,Synthetic
2023-08-22,Onion,18.76,0,Synthetic
2023-08-23,Onion,19.76,0,Synthetic
2023-08-24,Onion,13.4,0,Synthetic
2023-08-25,Onion,10.38,0,Synthetic
2023-08-26,Onion,20.31,0,Synthetic
2023-08-27,Onion,17.71,0,Synthetic
2023-08-28,Onion,18.5,0,Synthetic
2023-08-29,Onion,14.4,0,Synthetic
2023-08-30,Onion,28.08,0,Synthetic
2023-08-31,Onion,20.36,0,Synthetic
2023-09-01,Onion,22.88,0,Synthetic
2023-09-02,Onion,14.21,0,Synthetic
2023-09-03,Onion,17.54,0,Synthetic
2023-09-04,Onion,18.8,0,Synthetic
2023-09-05,Onion,15.19,0,Synthetic
2023-09-06,Onion,11.26,0,Synthetic
2023-09-07,Onion,13.74,0,Synthetic
2023-09-08,Onion,8.15,0,Synthetic
2023-09-09,Onion,11.25,0,Synthetic
2023-09-10,Onion,11.57,0,Synthetic
2023-09-11,Onion,16.11,0,Synthetic
2023-09-12,Onion,17.44,0,Synthetic
2023-09-13,Onion,14.55,0,Synthetic
2023-09-14,Onion,16.14,0,Synthetic
2023-09-15,Onion,18.51,0,Synthetic
2023-09-16,Onion,7.35,0,Synthetic
2023-09-17,Onion,15.49,0,Synthetic
2023-09-18,Onion,12.67,0,Synthetic
2023-09-19,Onion,18.73,0,Synthetic
2023-09-20,Onion,15.98,0,Synthetic
2023-09-21,Onion,8.92,0,Synthetic
2023-09-22,Onion,16.88,0,Synthetic
2023-09-23,Onion,16.25,0,Synthetic
2023-09-24,Onion,12.7,0,Synthetic
2023-09-25,Onion,18.36,0,Synthetic
2023-09-26,Onion,13.51,0,Synthetic
2023-09-27,Onion,17.64,0,Synthetic
2023-09-28,Onion,24.95,0,Synthetic
2023-09-29,Onion,25.39,0,Synthetic
2023-09-30,Onion,13.82,0,Synthetic
2023-10-01,Onion,13.79,0,Synthetic
2023-10-02,Onion,13.14,0,Synthetic
2023-10-03,Onion,11.47,0,Synthetic
2023-10-04,Onion,10.39,0,Synthetic
2023-10-05,Onion,15.08,0,Synthetic
2023-10-06,Onion,12.58,0,Synthetic
2023-10-07,Onion,17.28,0,Synthetic
2023-10-08,Onion,11.96,0,Synthetic
2023-10-09,Onion,10.86,0,Synthetic
2023-10-10,Onion,18.09,0,Synthetic
2023-10-11,Onion,17.47,0,Synthetic
2023-10-12,Onion,16.52,0,Synthetic
2023-10-13,Onion,8.64,0,Synthetic
2023-10-14,Onion,24.79,0,Synthetic
2023-10-15,Onion,13.24,0,Synthetic
2023-10-16,Onion,10.27,0,Synthetic
2023-10-17,Onion,15.42,0,Synthetic
2023-10-18,Onion,20.59,0,Synthetic
2023-10-19,Onion,21.97,0,Synthetic
2023-10-20,Onion,15.43,0,Synthetic
2023-10-21,Onion,13.75,0,Synthetic
2023-10-22,Onion,23.65,0,Synthetic
2023-10-23,Onion,16.15,0,Synthetic
2023-10-24,Onion,15.23,0,Synthetic
2023-10-25,Onion,13.34,0,Synthetic
2023-10-26,Onion,20.41,0,Synthetic
2023-10-27,Onion,17.02,0,Synthetic
2023-10-28,Onion,12.96,0,Synthetic
2023-10-29,Onion,20.16,0,Synthetic
2023-10-30,Onion,21.6,0,Synthetic
2023-10-31,Onion,15.87,0,Synthetic
2023-11-01,Onion,12.62,0,Synthetic
2023-11-02,Onion,17.51,0,Synthetic
2023-11-03,Onion,13.57,0,Synthetic
2023-11-04,Onion,21.87,0,Synthetic
2023-11-05,Onion,16.46,0,Synthetic
2023-11-06,Onion,19.16,0,Synthetic
2023-11-07,Onion,13.83,0,Synthetic
2023-11-08,Onion,15.51,0,Synthetic
2023-11-09,Onion,18.09,0,Synthetic
2023-11-10,Onion,21.07,0,Synthetic
2023-11-11,Onion,13.88,0,Synthetic
2023-11-12,Onion,12.72,0,Synthetic
2023-11-13,Onion,15.93,0,Synthetic
2023-11-14,Onion,16.78,0,Synthetic
2023-11-15,Onion,18.38,0,Synthetic
2023-11-16,Onion,18.56,0,Synthetic
2023-11-17,Onion,20.55,0,Synthetic
2023-11-18,Onion,15.87,0,Synthetic
2023-11-19,Onion,18.74,0,Synthetic
2023-11-20,Onion,24.22,0,Synthetic
2023-11-21,Onion,23.43,0,Synthetic
2023-11-22,Onion,22.99,0,Synthetic
2023-11-23,Onion,18.26,0,Synthetic
2023-11-24,Onion,15.06,0,Synthetic
2023-11-25,Onion,24.88,0,Synthetic
2023-11-26,Onion,19.29,0,Synthetic
2023-11-27,Onion,21.98,0,Synthetic
2023-11-28,Onion,20.31,0,Synthetic
2023-11-29,Onion,17.08,0,Synthetic
2023-11-30,Onion,21.94,0,Synthetic
2023-12-01,Onion,26.11,0,Synthetic
2023-12-02,Onion,22.95,0,Synthetic
2023-12-03,Onion,25.08,0,Synthetic
2023-12-04,Onion,24.4,0,Synthetic
2023-12-05,Onion,19.6,0,Synthetic
2023-12-06,Onion,26.66,0,Synthetic
2023-12-07,Onion,25.69,0,Synthetic
2023-12-08,Onion,22.56,0,Synthetic
2023-12-09,Onion,23.91,0,Synthetic
2023-12-10,Onion,28.97,0,Synthetic
2023-12-11,Onion,27.59,0,Synthetic
2023-12-12,Onion,26.49,0,Synthetic
2023-12-13,Onion,27.72,0,Synthetic
2023-12-14,Onion,22.77,0,Synthetic
2023-12-15,Onion,30.03,0,Synthetic
2023-12-16,Onion,24.78,0,Synthetic
2023-12-17,Onion,31.67,0,Synthetic
2023-12-18,Onion,29.22,0,Synthetic
2023-12-19,Onion,28.89,0,Synthetic
2023-12-20,Onion,23.17,0,Synthetic
2023-12-21,Onion,33.1,0,Synthetic
2023-12-22,Onion,22.3,0,Synthetic
2023-12-23,Onion,25.78,0,Synthetic
2023-12-24,Onion,23.45,0,Synthetic
2023-12-25,Onion,32.84,0,Synthetic
2023-12-26,Onion,29.42,0,Synthetic
2023-12-27,Onion,28.82,0,Synthetic
2023-12-28,Onion,27.34,0,Synthetic
2023-12-29,Onion,31.07,0,Synthetic
2023-12-30,Onion,34.12,0,Synthetic
2023-12-31,Onion,34.78,0,Synthetic
2024-01-01,Onion,29.44,0,Synthetic
2024-01-02,Onion,36.39,0,Synthetic
2024-01-03,Onion,26.99,0,Synthetic
2024-01-04,Onion,26.88,0,Synthetic
2024-01-05,Onion,38.13,0,Synthetic
2024-01-06,Onion,32.61,0,Synthetic
2024-01-07,Onion,37.34,0,Synthetic
2024-01-08,Onion,31.58,0,Synthetic
2024-01-09,Onion,30.36,0,Synthetic
2024-01-10,Onion,36.75,0,Synthetic
2024-01-11,Onion,35.84,0,Synthetic
2024-01-12,Onion,38.41,0,Synthetic
2024-01-13,Onion,36.31,0,Synthetic
2024-01-14,Onion,32.3,0,Synthetic
2024-01-15,Onion,32.17,0,Synthetic
2024-01-16,Onion,39.47,0,Synthetic
2024-01-17,Onion,31.86,0,Synthetic
2024-01-18,Onion,36.28,0,Synthetic
2024-01-19,Onion,31.74,0,Synthetic
2024-01-20,Onion,36.86,0,Synthetic
2024-01-21,Onion,29.89,0,Synthetic
2024-01-22,Onion,36.52,0,Synthetic
2024-01-23,Onion,28.6,0,Synthetic
2024-01-24,Onion,30.51,0,Synthetic
2024-01-25,Onion,29.68,0,Synthetic
2024-01-26,Onion,38.38,0,Synthetic
2024-01-27,Onion,41.9,0,Synthetic
2024-01-28,Onion,41.86,0,Synthetic
2024-01-29,Onion,33.56,0,Synthetic
2024-01-30,Onion,38.88,0,Synthetic
2024-01-31,Onion,44.06,0,Synthetic
2024-02-01,Onion,40.48,0,Synthetic
2024-02-02,Onion,34.01,0,Synthetic
2024-02-03,Onion,38.75,0,Synthetic
2024-02-04,Onion,45.47,0,Synthetic
2024-02-05,Onion,38.63,0,Synthetic
2024-02-06,Onion,39.52,0,Synthetic
2024-02-07,Onion,38.28,0,Synthetic
2024-02-08,Onion,44.08,0,Synthetic
2024-02-09,Onion,42.58,0,Synthetic
2024-02-10,Onion,36.98,0,Synthetic
2024-02-11,Onion,36.07,0,Synthetic
2024-02-12,Onion,39.68,0,Synthetic
2024-02-13,Onion,36.14,0,Synthetic
2024-02-14,Onion,40.62,0,Synthetic
2024-02-15,Onion,40.54,0,Synthetic
2024-02-16,Onion,36.23,0,Synthetic
2024-02-17,Onion,35.14,0,Synthetic
2024-02-18,Onion,42.59,0,Synthetic
2024-02-19,Onion,35.98,0,Synthetic
2024-02-20,Onion,35.02,0,Synthetic
2024-02-21,Onion,44.94,0,Synthetic
2024-02-22,Onion,46.69,0,Synthetic
2024-02-23,Onion,35.96,0,Synthetic
2024-02-24,Onion,44.32,0,Synthetic
2024-02-25,Onion,36.48,0,Synthetic
2024-02-26,Onion,41.57,0,Synthetic
2024-02-27,Onion,41.13,0,Synthetic
2024-02-28,Onion,39.41,0,Synthetic
2024-02-29,Onion,46.46,0,Synthetic
2024-03-01,Onion,43.48,0,Synthetic
2024-03-02,Onion,44.7,0,Synthetic
2024-03-03,Onion,42.67,0,Synthetic
2024-03-04,Onion,43.42,0,Synthetic
2024-03-05,Onion,47.43,0,Synthetic
2024-03-06,Onion,41.47,0,Synthetic
2024-03-07,Onion,38.93,0,Synthetic
2024-03-08,Onion,36.4,0,Synthetic
2024-03-09,Onion,46.02,0,Synthetic
2024-03-10,Onion,47.31,0,Synthetic
2024-03-11,Onion,44.17,0,Synthetic
2024-03-12,Onion,45.2,0,Synthetic
2024-03-13,Onion,39.79,0,Synthetic
2024-03-14,Onion,45.2,0,Synthetic
2024-03-15,Onion,44.16,0,Synthetic
2024-03-16,Onion,39.77,0,Synthetic
2024-03-17,Onion,44.17,0,Synthetic
2024-03-18,Onion,41.81,0,Synthetic
2024-03-19,Onion,49.87,0,Synthetic
2024-03-20,Onion,43.85,0,Synthetic
2024-03-21,Onion,36.57,0,Synthetic
2024-03-22,Onion,44.23,0,Synthetic
2024-03-23,Onion,45.78,0,Synthetic
2024-03-24,Onion,40.78,0,Synthetic
2024-03-25,Onion,45.16,0,Synthetic
2024-03-26,Onion,48.89,0,Synthetic
2024-03-27,Onion,43.65,0,Synthetic
2024-03-28,Onion,43.51,0,Synthetic
2024-03-29,Onion,42.09,0,Synthetic
2024-03-30,Onion,46.54,0,Synthetic
2024-03-31,Onion,38.3,0,Synthetic
2024-04-01,Onion,44.08,0,Synthetic
2024-04-02,Onion,52.64,0,Synthetic
2024-04-03,Onion,42.25,0,Synthetic
2024-04-04,Onion,47.73,0,Synthetic
2024-04-05,Onion,46.98,0,Synthetic
2024-04-06,Onion,48.04,0,Synthetic
2024-04-07,Onion,38.87,0,Synthetic
2024-04-08,Onion,48.21,0,Synthetic
2024-04-09,Onion,45.34,0,Synthetic
2024-04-10,Onion,48.0,0,Synthetic
2024-04-11,Onion,42.52,0,Synthetic
2024-04-12,Onion,48.85,0,Synthetic
2024-04-13,Onion,45.03,0,Synthetic
2024-04-14,Onion,46.42,0,Synthetic
2024-04-15,Onion,48.75,0,Synthetic
2024-04-16,Onion,48.41,0,Synthetic
2024-04-17,Onion,43.54,0,Synthetic
2024-04-18,Onion,45.77,0,Synthetic
2024-04-19,Onion,44.45,0,Synthetic
2024-04-20,Onion,39.7,0,Synthetic
2024-04-21,Onion,47.37,0,Synthetic
2024-04-22,Onion,44.1,0,Synthetic
2024-04-23,Onion,43.83,0,Synthetic
2024-04-24,Onion,44.73,0,Synthetic
2024-04-25,Onion,51.17,0,Synthetic
2024-04-26,Onion,44.62,0,Synthetic
2024-04-27,Onion,45.66,0,Synthetic
2024-04-28,Onion,43.3,0,Synthetic
2024-04-29,Onion,42.48,0,Synthetic
2024-04-30,Onion,43.71,0,Synthetic
2024-05-01,Onion,42.2,0,Synthetic
2024-05-02,Onion,38.6,0,Synthetic
2024-05-03,Onion,38.88,0,Synthetic
2024-05-04,Onion,41.12,0,Synthetic
2024-05-05,Onion,39.49,0,Synthetic
2024-05-06,Onion,42.78,0,Synthetic
2024-05-07,Onion,38.29,0,Synthetic
2024-05-08,Onion,42.12,0,Synthetic
2024-05-09,Onion,45.68,0,Synthetic
2024-05-10,Onion,40.65,0,Synthetic
2024-05-11,Onion,26.8,0,Synthetic
2024-05-12,Onion,44.22,0,Synthetic
2024-05-13,Onion,48.18,0,Synthetic
2024-05-14,Onion,40.12,0,Synthetic
2024-05-15,Onion,41.06,0,Synthetic
2024-05-16,Onion,40.13,0,Synthetic
2024-05-17,Onion,41.01,0,Synthetic
2024-05-18,Onion,40.23,0,Synthetic
2024-05-19,Onion,40.24,0,Synthetic
2024-05-20,Onion,39.49,0,Synthetic
2024-05-21,Onion,39.11,0,Synthetic
2024-05-22,Onion,41.07,0,Synthetic
2024-05-23,Onion,38.8,0,Synthetic
2024-05-24,Onion,40.18,0,Synthetic
2024-05-25,Onion,42.85,0,Synthetic
2024-05-26,Onion,38.81,0,Synthetic
2024-05-27,Onion,38.4,0,Synthetic
2024-05-28,Onion,39.42,0,Synthetic
2024-05-29,Onion,37.85,0,Synthetic
2024-05-30,Onion,43.04,0,Synthetic
2024-05-31,Onion,40.08,0,Synthetic
2024-06-01,Onion,42.3,0,Synthetic
2024-06-02,Onion,41.31,0,Synthetic
2024-06-03,Onion,36.39,0,Synthetic
2024-06-04,Onion,34.35,0,Synthetic
2024-06-05,Onion,37.97,0,Synthetic
2024-06-06,Onion,41.28,0,Synthetic
2024-06-07,Onion,40.2,0,Synthetic
2024-06-08,Onion,35.36,0,Synthetic
2024-06-09,Onion,34.94,0,Synthetic
2024-06-10,Onion,35.01,0,Synthetic
2024-06-11,Onion,38.03,0,Synthetic
2024-06-12,Onion,35.09,0,Synthetic
2024-06-13,Onion,32.52,0,Synthetic
2024-06-14,Onion,36.09,0,Synthetic
2024-06-15,Onion,41.59,0,Synthetic
2024-06-16,Onion,32.95,0,Synthetic
2024-06-17,Onion,31.57,0,Synthetic
2024-06-18,Onion,35.41,0,Synthetic
2024-06-19,Onion,36.27,0,Synthetic
2024-06-20,Onion,31.17,0,Synthetic
2024-06-21,Onion,30.0,0,Synthetic
2024-06-22,Onion,29.9,0,Synthetic
2024-06-23,Onion,29.94,0,Synthetic
2024-06-24,Onion,28.3,0,Synthetic
2024-06-25,Onion,30.79,0,Synthetic
2024-06-26,Onion,29.87,0,Synthetic
2024-06-27,Onion,31.54,0,Synthetic
2024-06-28,Onion,28.4,0,Synthetic
2024-06-29,Onion,33.54,0,Synthetic
2024-06-30,Onion,36.13,0,Synthetic
2024-07-01,Onion,36.14,0,Synthetic
2024-07-02,Onion,28.98,0,Synthetic
2024-07-03,Onion,27.89,0,Synthetic
2024-07-04,Onion,28.7,0,Synthetic
2024-07-05,Onion,23.02,0,Synthetic
2024-07-06,Onion,35.13,0,Synthetic
2024-07-07,Onion,31.22,0,Synthetic
2024-07-08,Onion,33.3,0,Synthetic
2024-07-09,Onion,31.9,0,Synthetic
2024-07-10,Onion,25.19,0,Synthetic
2024-07-11,Onion,23.13,0,Synthetic
2024-07-12,Onion,21.83,0,Synthetic
2024-07-13,Onion,30.74,0,Synthetic
2024-07-14,Onion,23.69,0,Synthetic
2024-07-15,Onion,23.34,0,Synthetic
2024-07-16,Onion,24.02,0,Synthetic
2024-07-17,Onion,22.66,0,Synthetic
2024-07-18,Onion,29.88,0,Synthetic
2024-07-19,Onion,24.52,0,Synthetic
2024-07-20,Onion,26.96,0,Synthetic
2024-07-21,Onion,29.11,0,Synthetic
2024-07-22,Onion,30.4,0,Synthetic
2024-07-23,Onion,25.54,0,Synthetic
2024-07-24,Onion,26.65,0,Synthetic
2024-07-25,Onion,25.12,0,Synthetic
2024-07-26,Onion,21.85,0,Synthetic
2024-07-27,Onion,26.01,0,Synthetic
2024-07-28,Onion,19.98,0,Synthetic
2024-07-29,Onion,23.41,0,Synthetic
2024-07-30,Onion,20.56,0,Synthetic
2024-07-31,Onion,22.32,0,Synthetic
2024-08-01,Onion,19.64,0,Synthetic
2024-08-02,Onion,19.33,0,Synthetic
2024-08-03,Onion,22.66,0,Synthetic
2024-08-04,Onion,26.47,0,Synthetic
2024-08-05,Onion,21.49,0,Synthetic
2024-08-06,Onion,22.74,0,Synthetic
2024-08-07,Onion,23.09,0,Synthetic
2024-08-08,Onion,14.42,0,Synthetic
2024-08-09,Onion,18.75,0,Synthetic
2024-08-10,Onion,19.5,0,Synthetic
2024-08-11,Onion,24.63,0,Synthetic
2024-08-12,Onion,22.86,0,Synthetic
2024-08-13,Onion,26.59,0,Synthetic
2024-08-14,Onion,16.39,0,Synthetic
2024-08-15,Onion,15.92,0,Synthetic
2024-08-16,Onion,19.22,0,Synthetic
2024-08-17,Onion,20.79,0,Synthetic
2024-08-18,Onion,22.91,0,Synthetic
2024-08-19,Onion,21.01,0,Synthetic
2024-08-20,Onion,12.73,0,Synthetic
2024-08-21,Onion,21.54,0,Synthetic
2024-08-22,Onion,17.88,0,Synthetic
2024-08-23,Onion,23.28,0,Synthetic
2024-08-24,Onion,11.57,0,Synthetic
2024-08-25,Onion,23.43,0,Synthetic
2024-08-26,Onion,20.62,0,Synthetic
2024-08-27,Onion,18.76,0,Synthetic
2024-08-28,Onion,15.76,0,Synthetic
2024-08-29,Onion,15.42,0,Synthetic
2024-08-30,Onion,21.23,0,Synthetic
2024-08-31,Onion,21.24,0,Synthetic
2024-09-01,Onion,20.91,0,Synthetic
2024-09-02,Onion,10.14,0,Synthetic
2024-09-03,Onion,19.02,0,Synthetic
2024-09-04,Onion,14.95,0,Synthetic
2024-09-05,Onion,22.98,0,Synthetic
2024-09-06,Onion,20.93,0,Synthetic
2024-09-07,Onion,18.77,0,Synthetic
2024-09-08,Onion,17.0,0,Synthetic
2024-09-09,Onion,13.34,0,Synthetic
2024-09-10,Onion,21.71,0,Synthetic
2024-09-11,Onion,13.05,0,Synthetic
2024-09-12,Onion,18.98,0,Synthetic
2024-09-13,Onion,17.93,0,Synthetic
2024-09-14,Onion,16.29,0,Synthetic
2024-09-15,Onion,12.22,0,Synthetic
2024-09-16,Onion,14.22,0,Synthetic
2024-09-17,Onion,9.35,0,Synthetic
2024-09-18,Onion,19.45,0,Synthetic
2024-09-19,Onion,17.57,0,Synthetic
2024-09-20,Onion,15.22,0,Synthetic
2024-09-21,Onion,17.35,0,Synthetic
2024-09-22,Onion,20.99,0,Synthetic
2024-09-23,Onion,19.43,0,Synthetic
2024-09-24,Onion,16.04,0,Synthetic
2024-09-25,Onion,17.45,0,Synthetic
2024-09-26,Onion,15.66,0,Synthetic
2024-09-27,Onion,5.86,0,Synthetic
2024-09-28,Onion,6.39,0,Synthetic
2024-09-29,Onion,15.51,0,Synthetic
2024-09-30,Onion,8.64,0,Synthetic
2024-10-01,Onion,10.02,0,Synthetic
2024-10-02,Onion,14.65,0,Synthetic
2024-10-03,Onion,15.11,0,Synthetic
2024-10-04,Onion,18.82,0,Synthetic
2024-10-05,Onion,17.02,0,Synthetic
2024-10-06,Onion,8.73,0,Synthetic
2024-10-07,Onion,14.77,0,Synthetic
2024-10-08,Onion,12.88,0,Synthetic
2024-10-09,Onion,13.76,0,Synthetic
2024-10-10,Onion,11.15,0,Synthetic
2024-10-11,Onion,25.72,0,Synthetic
2024-10-12,Onion,8.96,0,Synthetic
2024-10-13,Onion,21.32,0,Synthetic
2024-10-14,Onion,17.82,0,Synthetic
2024-10-15,Onion,12.68,0,Synthetic
2024-10-16,Onion,15.89,0,Synthetic
2024-10-17,Onion,13.79,0,Synthetic
2024-10-18,Onion,18.37,0,Synthetic
2024-10-19,Onion,18.74,0,Synthetic
2024-10-20,Onion,11.37,0,Synthetic
2024-10-21,Onion,12.13,0,Synthetic
2024-10-22,Onion,14.04,0,Synthetic
2024-10-23,Onion,13.2,0,Synthetic
2024-10-24,Onion,14.28,0,Synthetic
2024-10-25,Onion,14.64,0,Synthetic
2024-10-26,Onion,16.4,0,Synthetic
2024-10-27,Onion,16.48,0,Synthetic
2024-10-28,Onion,13.19,0,Synthetic
2024-10-29,Onion,12.98,0,Synthetic
2024-10-30,Onion,7.95,0,Synthetic
2024-10-31,Onion,16.78,0,Synthetic
2024-11-01,Onion,16.2,0,Synthetic
2024-11-02,Onion,22.66,0,Synthetic
2024-11-03,Onion,14.86,0,Synthetic
2024-11-04,Onion,16.34,0,Synthetic
2024-11-05,Onion,12.36,0,Synthetic
2024-11-06,Onion,11.06,0,Synthetic
2024-11-07,Onion,12.65,0,Synthetic
2024-11-08,Onion,17.0,0,Synthetic
2024-11-09,Onion,5.34,0,Synthetic
2024-11-10,Onion,17.52,0,Synthetic
2024-11-11,Onion,22.76,0,Synthetic
2024-11-12,Onion,26.03,0,Synthetic
2024-11-13,Onion,19.62,0,Synthetic
2024-11-14,Onion,15.11,0,Synthetic
2024-11-15,Onion,19.73,0,Synthetic
2024-11-16,Onion,23.52,0,Synthetic
2024-11-17,Onion,22.46,0,Synthetic
2024-11-18,Onion,22.26,0,Synthetic
2024-11-19,Onion,19.45,0,Synthetic
2024-11-20,Onion,18.6,0,Synthetic
2024-11-21,Onion,21.33,0,Synthetic
2024-11-22,Onion,17.54,0,Synthetic
2024-11-23,Onion,19.35,0,Synthetic
2024-11-24,Onion,19.0,0,Synthetic
2024-11-25,Onion,23.45,0,Synthetic
2024-11-26,Onion,27.56,0,Synthetic
2024-11-27,Onion,24.51,0,Synthetic
2024-11-28,Onion,21.02,0,Synthetic
2024-11-29,Onion,23.83,0,Synthetic
2024-11-30,Onion,22.84,0,Synthetic
2024-12-01,Onion,20.74,0,Synthetic
2024-12-02,Onion,23.77,0,Synthetic
2024-12-03,Onion,26.19,0,Synthetic
2024-12-04,Onion,22.53,0,Synthetic
2024-12-05,Onion,25.66,0,Synthetic
2024-12-06,Onion,19.04,0,Synthetic
2024-12-07,Onion,23.58,0,Synthetic
2024-12-08,Onion,23.95,0,Synthetic
2024-12-09,Onion,25.38,0,Synthetic
2024-12-10,Onion,25.57,0,Synthetic
2024-12-11,Onion,29.87,0,Synthetic
2024-12-12,Onion,24.85,0,Synthetic
2024-12-13,Onion,25.77,0,Synthetic
2024-12-14,Onion,27.8,0,Synthetic
2024-12-15,Onion,28.17,0,Synthetic
2024-12-16,Onion,28.17,0,Synthetic
2024-12-17,Onion,26.69,0,Synthetic
2024-12-18,Onion,19.64,0,Synthetic
2024-12-19,Onion,30.59,0,Synthetic
2024-12-20,Onion,31.92,0,Synthetic
2024-12-21,Onion,26.78,0,Synthetic
2024-12-22,Onion,29.38,0,Synthetic
2024-12-23,Onion,28.28,0,Synthetic
2024-12-24,Onion,29.16,0,Synthetic
2024-12-25,Onion,23.08,0,Synthetic
2024-12-26,Onion,23.35,0,Synthetic
2024-12-27,Onion,33.72,0,Synthetic
2024-12-28,Onion,27.92,0,Synthetic
2024-12-29,Onion,32.75,0,Synthetic
2024-12-30,Onion,27.93,0,Synthetic
2024-12-31,Onion,22.92,0,Synthetic
2025-01-01,Onion,28.89,0,Synthetic
2025-01-02,Onion,30.74,0,Synthetic
2025-01-03,Onion,35.06,0,Synthetic
2025-01-04,Onion,27.65,0,Synthetic
2025-01-05,Onion,34.05,0,Synthetic
2025-01-06,Onion,27.67,0,Synthetic
2025-01-07,Onion,28.64,0,Synthetic
2025-01-08,Onion,32.15,0,Synthetic
2025-01-09,Onion,29.45,0,Synthetic
2025-01-10,Onion,37.21,0,Synthetic
2025-01-11,Onion,33.87,0,Synthetic
2025-01-12,Onion,28.88,0,Synthetic
2025-01-13,Onion,26.94,0,Synthetic
2025-01-14,Onion,44.22,0,Synthetic
2025-01-15,Onion,34.42,0,Synthetic
2025-01-16,Onion,30.62,0,Synthetic
2025-01-17,Onion,39.6,0,Synthetic
2025-01-18,Onion,32.55,0,Synthetic
2025-01-19,Onion,43.23,0,Synthetic
2025-01-20,Onion,44.55,0,Synthetic
2025-01-21,Onion,37.47,0,Synthetic
2025-01-22,Onion,32.24,0,Synthetic
2025-01-23,Onion,35.1,0,Synthetic
2025-01-24,Onion,33.82,0,Synthetic
2025-01-25,Onion,30.22,0,Synthetic
2025-01-26,Onion,36.22,0,Synthetic
2025-01-27,Onion,35.26,0,Synthetic
2025-01-28,Onion,38.79,0,Synthetic
2025-01-29,Onion,34.58,0,Synthetic
2025-01-30,Onion,41.58,0,Synthetic
2025-01-31,Onion,42.25,0,Synthetic
2025-02-01,Onion,35.3,0,Synthetic
2025-02-02,Onion,44.59,0,Synthetic
2025-02-03,Onion,32.84,0,Synthetic
2025-02-04,Onion,40.84,0,Synthetic
2025-02-05,Onion,38.14,0,Synthetic
2025-02-06,Onion,49.73,0,Synthetic
2025-02-07,Onion,40.24,0,Synthetic
2025-02-08,Onion,37.0,0,Synthetic
2025-02-09,Onion,34.55,0,Synthetic
2025-02-10,Onion,41.19,0,Synthetic
2025-02-11,Onion,44.77,0,Synthetic
2025-02-12,Onion,34.97,0,Synthetic
2025-02-13,Onion,46.13,0,Synthetic
2025-02-14,Onion,40.05,0,Synthetic
2025-02-15,Onion,34.43,0,Synthetic
2025-02-16,Onion,36.94,0,Synthetic
2025-02-17,Onion,38.18,0,Synthetic
2025-02-18,Onion,40.97,0,Synthetic
2025-02-19,Onion,42.75,0,Synthetic
2025-02-20,Onion,42.5,0,Synthetic
2025-02-21,Onion,42.53,0,Synthetic
2025-02-22,Onion,32.8,0,Synthetic
2025-02-23,Onion,47.9,0,Synthetic
2025-02-24,Onion,45.11,0,Synthetic
2025-02-25,Onion,38.11,0,Synthetic
2025-02-26,Onion,41.85,0,Synthetic
2025-02-27,Onion,38.89,0,Synthetic
2025-02-28,Onion,43.23,0,Synthetic
2025-03-01,Onion,38.91,0,Synthetic
2025-03-02,Onion,42.73,0,Synthetic
2025-03-03,Onion,42.08,0,Synthetic
2025-03-04,Onion,44.02,0,Synthetic
2025-03-05,Onion,46.93,0,Synthetic
2025-03-06,Onion,33.9,0,Synthetic
2025-03-07,Onion,46.48,0,Synthetic
2025-03-08,Onion,47.28,0,Synthetic
2025-03-09,Onion,41.83,0,Synthetic
2025-03-10,Onion,47.17,0,Synthetic
2025-03-11,Onion,48.75,0,Synthetic
2025-03-12,Onion,35.26,0,Synthetic
2025-03-13,Onion,44.19,0,Synthetic
2025-03-14,Onion,39.62,0,Synthetic
2025-03-15,Onion,32.12,0,Synthetic
2025-03-16,Onion,39.17,0,Synthetic
2025-03-17,Onion,50.37,0,Synthetic
2025-03-18,Onion,43.19,0,Synthetic
2025-03-19,Onion,43.88,0,Synthetic
2025-03-20,Onion,45.26,0,Synthetic
2025-03-21,Onion,43.08,0,Synthetic
2025-03-22,Onion,52.39,0,Synthetic
2025-03-23,Onion,47.95,0,Synthetic
2025-03-24,Onion,49.72,0,Synthetic
2025-03-25,Onion,40.66,0,Synthetic
2025-03-26,Onion,46.05,0,Synthetic
2025-03-27,Onion,37.13,0,Synthetic
2025-03-28,Onion,43.36,0,Synthetic
2025-03-29,Onion,44.99,0,Synthetic
2025-03-30,Onion,48.58,0,Synthetic
2025-03-31,Onion,43.19,0,Synthetic
2025-04-01,Onion,44.0,0,Synthetic
2025-04-02,Onion,49.56,0,Synthetic
2025-04-03,Onion,46.37,0,Synthetic
2025-04-04,Onion,55.83,0,Synthetic
2025-04-05,Onion,46.81,0,Synthetic
2025-04-06,Onion,48.25,0,Synthetic
2025-04-07,Onion,47.36,0,Synthetic
2025-04-08,Onion,51.91,0,Synthetic
2025-04-09,Onion,45.59,0,Synthetic
2025-04-10,Onion,42.04,0,Synthetic
2025-04-11,Onion,46.61,0,Synthetic
2025-04-12,Onion,45.05,0,Synthetic
2025-04-13,Onion,44.5,0,Synthetic
2025-04-14,Onion,49.25,0,Synthetic
2025-04-15,Onion,49.2,0,Synthetic
2025-04-16,Onion,41.99,0,Synthetic
2025-04-17,Onion,48.91,0,Synthetic
2025-04-18,Onion,40.45,0,Synthetic
2025-04-19,Onion,36.67,0,Synthetic
2025-04-20,Onion,52.42,0,Synthetic
2025-04-21,Onion,43.71,0,Synthetic
2025-04-22,Onion,41.19,0,Synthetic
2025-04-23,Onion,35.64,0,Synthetic
2025-04-24,Onion,47.9,0,Synthetic
2025-04-25,Onion,43.32,0,Synthetic
2025-04-26,Onion,47.15,0,Synthetic
2025-04-27,Onion,39.79,0,Synthetic
2025-04-28,Onion,45.08,0,Synthetic
2025-04-29,Onion,50.01,0,Synthetic
2025-04-30,Onion,43.72,0,Synthetic
2025-05-01,Onion,42.5,0,Synthetic
2025-05-02,Onion,46.81,0,Synthetic
2025-05-03,Onion,39.68,0,Synthetic
2025-05-04,Onion,42.44,0,Synthetic
2025-05-05,Onion,38.7,0,Synthetic
2025-05-06,Onion,41.21,0,Synthetic
2025-05-07,Onion,44.64,0,Synthetic
2025-05-08,Onion,41.59,0,Synthetic
2025-05-09,Onion,51.98,0,Synthetic
2025-05-10,Onion,41.6,0,Synthetic
2025-05-11,Onion,43.21,0,Synthetic
2025-05-12,Onion,39.26,0,Synthetic
2025-05-13,Onion,43.47,0,Synthetic
2025-05-14,Onion,45.81,0,Synthetic
2025-05-15,Onion,42.75,0,Synthetic
2025-05-16,Onion,41.03,0,Synthetic
2025-05-17,Onion,36.77,0,Synthetic
2025-05-18,Onion,38.27,0,Synthetic
2025-05-19,Onion,40.5,0,Synthetic
2025-05-20,Onion,38.25,0,Synthetic
2025-05-21,Onion,41.12,0,Synthetic
2025-05-22,Onion,37.31,0,Synthetic
2025-05-23,Onion,41.55,0,Synthetic
2025-05-24,Onion,40.38,0,Synthetic
2025-05-25,Onion,37.93,0,Synthetic
2025-05-26,Onion,39.51,0,Synthetic
2025-05-27,Onion,33.95,0,Synthetic
2025-05-28,Onion,40.14,0,Synthetic
2025-05-29,Onion,32.12,0,Synthetic
2025-05-30,Onion,37.18,0,Synthetic
2025-05-31,Onion,35.25,0,Synthetic
2023-01-01,Potato,16.24,0,Synthetic
2023-01-02,Potato,19.23,0,Synthetic
2023-01-03,Potato,20.79,0,Synthetic
2023-01-04,Potato,19.87,0,Synthetic
2023-01-05,Potato,19.39,0,Synthetic
2023-01-06,Potato,21.44,0,Synthetic
2023-01-07,Potato,21.22,0,Synthetic
2023-01-08,Potato,21.64,0,Synthetic
2023-01-09,Potato,21.32,0,Synthetic
2023-01-10,Potato,21.7,0,Synthetic
2023-01-11,Potato,19.34,0,Synthetic
2023-01-12,Potato,16.57,0,Synthetic
2023-01-13,Potato,20.98,0,Synthetic
2023-01-14,Potato,23.99,0,Synthetic
2023-01-15,Potato,19.66,0,Synthetic
2023-01-16,Potato,19.74,0,Synthetic
2023-01-17,Potato,25.41,0,Synthetic
2023-01-18,Potato,22.2,0,Synthetic
2023-01-19,Potato,19.71,0,Synthetic
2023-01-20,Potato,22.69,0,Synthetic
2023-01-21,Potato,22.98,0,Synthetic
2023-01-22,Potato,22.46,0,Synthetic
2023-01-23,Potato,21.07,0,Synthetic
2023-01-24,Potato,21.79,0,Synthetic
2023-01-25,Potato,22.06,0,Synthetic
2023-01-26,Potato,18.98,0,Synthetic
2023-01-27,Potato,20.58,0,Synthetic
2023-01-28,Potato,21.49,0,Synthetic
2023-01-29,Potato,21.76,0,Synthetic
2023-01-30,Potato,23.44,0,Synthetic
2023-01-31,Potato,23.38,0,Synthetic
2023-02-01,Potato,24.38,0,Synthetic
2023-02-02,Potato,23.92,0,Synthetic
2023-02-03,Potato,17.63,0,Synthetic
2023-02-04,Potato,20.96,0,Synthetic
2023-02-05,Potato,21.13,0,Synthetic
2023-02-06,Potato,22.56,0,Synthetic
2023-02-07,Potato,22.88,0,Synthetic
2023-02-08,Potato,18.97,0,Synthetic
2023-02-09,Potato,22.8,0,Synthetic
2023-02-10,Potato,25.75,0,Synthetic
2023-02-11,Potato,21.09,0,Synthetic
2023-02-12,Potato,22.19,0,Synthetic
2023-02-13,Potato,24.36,0,Synthetic
2023-02-14,Potato,24.74,0,Synthetic
2023-02-15,Potato,22.31,0,Synthetic
2023-02-16,Potato,22.6,0,Synthetic
2023-02-17,Potato,21.33,0,Synthetic
2023-02-18,Potato,21.19,0,Synthetic
2023-02-19,Potato,26.12,0,Synthetic
2023-02-20,Potato,24.47,0,Synthetic
2023-02-21,Potato,27.86,0,Synthetic
2023-02-22,Potato,30.41,0,Synthetic
2023-02-23,Potato,23.9,0,Synthetic
2023-02-24,Potato,23.84,0,Synthetic
2023-02-25,Potato,30.77,0,Synthetic
2023-02-26,Potato,24.38,0,Synthetic
2023-02-27,Potato,23.32,0,Synthetic
2023-02-28,Potato,24.79,0,Synthetic
2023-03-01,Potato,24.98,0,Synthetic
2023-03-02,Potato,24.62,0,Synthetic
2023-03-03,Potato,22.4,0,Synthetic
2023-03-04,Potato,23.44,0,Synthetic
2023-03-05,Potato,24.7,0,Synthetic
2023-03-06,Potato,26.62,0,Synthetic
2023-03-07,Potato,26.71,0,Synthetic
2023-03-08,Potato,28.83,0,Synthetic
2023-03-09,Potato,22.88,0,Synthetic
2023-03-10,Potato,24.98,0,Synthetic
2023-03-11,Potato,23.4,0,Synthetic
2023-03-12,Potato,24.87,0,Synthetic
2023-03-13,Potato,26.27,0,Synthetic
2023-03-14,Potato,20.7,0,Synthetic
2023-03-15,Potato,24.41,0,Synthetic
2023-03-16,Potato,20.79,0,Synthetic
2023-03-17,Potato,28.9,0,Synthetic
2023-03-18,Potato,24.25,0,Synthetic
2023-03-19,Potato,23.17,0,Synthetic
2023-03-20,Potato,27.56,0,Synthetic
2023-03-21,Potato,28.72,0,Synthetic
2023-03-22,Potato,26.23,0,Synthetic
2023-03-23,Potato,23.92,0,Synthetic
2023-03-24,Potato,26.29,0,Synthetic
2023-03-25,Potato,25.55,0,Synthetic
2023-03-26,Potato,24.15,0,Synthetic
2023-03-27,Potato,26.19,0,Synthetic
2023-03-28,Potato,26.33,0,Synthetic
2023-03-29,Potato,24.91,0,Synthetic
2023-03-30,Potato,24.39,0,Synthetic
2023-03-31,Potato,25.24,0,Synthetic
2023-04-01,Potato,26.61,0,Synthetic
2023-04-02,Potato,22.93,0,Synthetic
2023-04-03,Potato,22.39,0,Synthetic
2023-04-04,Potato,19.0,0,Synthetic
2023-04-05,Potato,24.41,0,Synthetic
2023-04-06,Potato,24.8,0,Synthetic
2023-04-07,Potato,28.05,0,Synthetic
2023-04-08,Potato,25.5,0,Synthetic
2023-04-09,Potato,22.5,0,Synthetic
2023-04-10,Potato,25.27,0,Synthetic
2023-04-11,Potato,27.17,0,Synthetic
2023-04-12,Potato,21.67,0,Synthetic
2023-04-13,Potato,23.41,0,Synthetic
2023-04-14,Potato,22.48,0,Synthetic
2023-04-15,Potato,23.74,0,Synthetic
2023-04-16,Potato,23.53,0,Synthetic
2023-04-17,Potato,26.57,0,Synthetic
2023-04-18,Potato,28.64,0,Synthetic
2023-04-19,Potato,24.46,0,Synthetic
2023-04-20,Potato,27.55,0,Synthetic
2023-04-21,Potato,24.0,0,Synthetic
2023-04-22,Potato,26.84,0,Synthetic
2023-04-23,Potato,26.38,0,Synthetic
2023-04-24,Potato,21.41,0,Synthetic
2023-04-25,Potato,25.33,0,Synthetic
2023-04-26,Potato,23.27,0,Synthetic
2023-04-27,Potato,24.75,0,Synthetic
2023-04-28,Potato,21.97,0,Synthetic
2023-04-29,Potato,24.12,0,Synthetic
2023-04-30,Potato,26.08,0,Synthetic
2023-05-01,Potato,21.38,0,Synthetic
2023-05-02,Potato,25.87,0,Synthetic
2023-05-03,Potato,23.15,0,Synthetic
2023-05-04,Potato,23.16,0,Synthetic
2023-05-05,Potato,21.95,0,Synthetic
2023-05-06,Potato,24.42,0,Synthetic
2023-05-07,Potato,22.6,0,Synthetic
2023-05-08,Potato,21.95,0,Synthetic
2023-05-09,Potato,24.69,0,Synthetic
2023-05-10,Potato,23.31,0,Synthetic
2023-05-11,Potato,21.85,0,Synthetic
2023-05-12,Potato,23.88,0,Synthetic
2023-05-13,Potato,23.51,0,Synthetic
2023-05-14,Potato,24.69,0,Synthetic
2023-05-15,Potato,22.66,0,Synthetic
2023-05-16,Potato,24.76,0,Synthetic
2023-05-17,Potato,22.75,0,Synthetic
2023-05-18,Potato,20.75,0,Synthetic
2023-05-19,Potato,24.14,0,Synthetic
2023-05-20,Potato,23.56,0,Synthetic
2023-05-21,Potato,26.01,0,Synthetic
2023-05-22,Potato,27.54,0,Synthetic
2023-05-23,Potato,21.55,0,Synthetic
2023-05-24,Potato,23.88,0,Synthetic
2023-05-25,Potato,23.76,0,Synthetic
2023-05-26,Potato,23.55,0,Synthetic
2023-05-27,Potato,20.82,0,Synthetic
2023-05-28,Potato,21.52,0,Synthetic
2023-05-29,Potato,21.01,0,Synthetic
2023-05-30,Potato,24.16,0,Synthetic
2023-05-31,Potato,18.42,0,Synthetic
2023-06-01,Potato,23.43,0,Synthetic
2023-06-02,Potato,18.86,0,Synthetic
2023-06-03,Potato,23.68,0,Synthetic
2023-06-04,Potato,25.59,0,Synthetic
2023-06-05,Potato,22.93,0,Synthetic
2023-06-06,Potato,26.81,0,Synthetic
2023-06-07,Potato,26.1,0,Synthetic
2023-06-08,Potato,25.3,0,Synthetic
2023-06-09,Potato,19.71,0,Synthetic
2023-06-10,Potato,19.81,0,Synthetic
2023-06-11,Potato,26.86,0,Synthetic
2023-06-12,Potato,20.71,0,Synthetic
2023-06-13,Potato,17.68,0,Synthetic
2023-06-14,Potato,20.57,0,Synthetic
2023-06-15,Potato,22.46,0,Synthetic
2023-06-16,Potato,21.29,0,Synthetic
2023-06-17,Potato,22.82,0,Synthetic
2023-06-18,Potato,20.41,0,Synthetic
2023-06-19,Potato,22.25,0,Synthetic
2023-06-20,Potato,20.51,0,Synthetic
2023-06-21,Potato,21.44,0,Synthetic
2023-06-22,Potato,22.66,0,Synthetic
2023-06-23,Potato,21.3,0,Synthetic
2023-06-24,Potato,22.5,0,Synthetic
2023-06-25,Potato,20.73,0,Synthetic
2023-06-26,Potato,19.47,0,Synthetic
2023-06-27,Potato,23.96,0,Synthetic
2023-06-28,Potato,20.67,0,Synthetic
2023-06-29,Potato,19.89,0,Synthetic
2023-06-30,Potato,21.25,0,Synthetic
2023-07-01,Potato,20.48,0,Synthetic
2023-07-02,Potato,21.69,0,Synthetic
2023-07-03,Potato,18.14,0,Synthetic
2023-07-04,Potato,20.1,0,Synthetic
2023-07-05,Potato,20.0,0,Synthetic
2023-07-06,Potato,22.96,0,Synthetic
2023-07-07,Potato,18.42,0,Synthetic
2023-07-08,Potato,17.88,0,Synthetic
2023-07-09,Potato,21.54,0,Synthetic
2023-07-10,Potato,18.7,0,Synthetic
2023-07-11,Potato,21.46,0,Synthetic
2023-07-12,Potato,20.83,0,Synthetic
2023-07-13,Potato,18.51,0,Synthetic
2023-07-14,Potato,18.07,0,Synthetic
2023-07-15,Potato,17.91,0,Synthetic
2023-07-16,Potato,16.12,0,Synthetic
2023-07-17,Potato,20.55,0,Synthetic
2023-07-18,Potato,20.67,0,Synthetic
2023-07-19,Potato,16.91,0,Synthetic
2023-07-20,Potato,20.83,0,Synthetic
2023-07-21,Potato,18.27,0,Synthetic
2023-07-22,Potato,17.74,0,Synthetic
2023-07-23,Potato,17.91,0,Synthetic
2023-07-24,Potato,17.76,0,Synthetic
2023-07-25,Potato,17.46,0,Synthetic
2023-07-26,Potato,17.77,0,Synthetic
2023-07-27,Potato,20.1,0,Synthetic
2023-07-28,Potato,17.96,0,Synthetic
2023-07-29,Potato,17.74,0,Synthetic
2023-07-30,Potato,17.38,0,Synthetic
2023-07-31,Potato,20.58,0,Synthetic
2023-08-01,Potato,15.74,0,Synthetic
2023-08-02,Potato,20.22,0,Synthetic
2023-08-03,Potato,17.96,0,Synthetic
2023-08-04,Potato,17.05,0,Synthetic
2023-08-05,Potato,22.93,0,Synthetic
2023-08-06,Potato,16.44,0,Synthetic
2023-08-07,Potato,15.85,0,Synthetic
2023-08-08,Potato,13.53,0,Synthetic
2023-08-09,Potato,16.53,0,Synthetic
2023-08-10,Potato,16.62,0,Synthetic
2023-08-11,Potato,15.35,0,Synthetic
2023-08-12,Potato,17.69,0,Synthetic
2023-08-13,Potato,15.96,0,Synthetic
2023-08-14,Potato,20.68,0,Synthetic
2023-08-15,Potato,17.71,0,Synthetic
2023-08-16,Potato,16.46,0,Synthetic
2023-08-17,Potato,16.33,0,Synthetic
2023-08-18,Potato,15.63,0,Synthetic
2023-08-19,Potato,13.97,0,Synthetic
2023-08-20,Potato,16.92,0,Synthetic
2023-08-21,Potato,14.15,0,Synthetic
2023-08-22,Potato,14.57,0,Synthetic
2023-08-23,Potato,18.53,0,Synthetic
2023-08-24,Potato,15.75,0,Synthetic
2023-08-25,Potato,16.7,0,Synthetic
2023-08-26,Potato,14.05,0,Synthetic
2023-08-27,Potato,17.08,0,Synthetic
2023-08-28,Potato,14.79,0,Synthetic
2023-08-29,Potato,15.04,0,Synthetic
2023-08-30,Potato,14.17,0,Synthetic
2023-08-31,Potato,18.15,0,Synthetic
2023-09-01,Potato,15.25,0,Synthetic
2023-09-02,Potato,17.0,0,Synthetic
2023-09-03,Potato,15.51,0,Synthetic
2023-09-04,Potato,15.25,0,Synthetic
2023-09-05,Potato,14.79,0,Synthetic
2023-09-06,Potato,13.68,0,Synthetic
2023-09-07,Potato,15.87,0,Synthetic
2023-09-08,Potato,15.41,0,Synthetic
2023-09-09,Potato,14.5,0,Synthetic
2023-09-10,Potato,18.18,0,Synthetic
2023-09-11,Potato,13.03,0,Synthetic
2023-09-12,Potato,12.1,0,Synthetic
2023-09-13,Potato,14.05,0,Synthetic
2023-09-14,Potato,13.93,0,Synthetic
2023-09-15,Potato,14.63,0,Synthetic
2023-09-16,Potato,18.35,0,Synthetic
2023-09-17,Potato,13.63,0,Synthetic
2023-09-18,Potato,18.78,0,Synthetic
2023-09-19,Potato,12.84,0,Synthetic
2023-09-20,Potato,16.46,0,Synthetic
2023-09-21,Potato,17.16,0,Synthetic
2023-09-22,Potato,13.93,0,Synthetic
2023-09-23,Potato,15.17,0,Synthetic
2023-09-24,Potato,13.99,0,Synthetic
2023-09-25,Potato,16.81,0,Synthetic
2023-09-26,Potato,15.65,0,Synthetic
2023-09-27,Potato,15.1,0,Synthetic
2023-09-28,Potato,11.17,0,Synthetic
2023-09-29,Potato,16.94,0,Synthetic
2023-09-30,Potato,12.44,0,Synthetic
2023-10-01,Potato,12.09,0,Synthetic
2023-10-02,Potato,14.46,0,Synthetic
2023-10-03,Potato,14.27,0,Synthetic
2023-10-04,Potato,15.48,0,Synthetic
2023-10-05,Potato,14.62,0,Synthetic
2023-10-06,Potato,13.65,0,Synthetic
2023-10-07,Potato,16.6,0,Synthetic
2023-10-08,Potato,13.18,0,Synthetic
2023-10-09,Potato,17.65,0,Synthetic
2023-10-10,Potato,15.32,0,Synthetic
2023-10-11,Potato,15.33,0,Synthetic
2023-10-12,Potato,15.71,0,Synthetic
2023-10-13,Potato,16.2,0,Synthetic
2023-10-14,Potato,16.17,0,Synthetic
2023-10-15,Potato,12.95,0,Synthetic
2023-10-16,Potato,15.29,0,Synthetic
2023-10-17,Potato,14.92,0,Synthetic
2023-10-18,Potato,15.67,0,Synthetic
2023-10-19,Potato,12.04,0,Synthetic
2023-10-20,Potato,16.54,0,Synthetic
2023-10-21,Potato,14.43,0,Synthetic
2023-10-22,Potato,16.59,0,Synthetic
2023-10-23,Potato,21.0,0,Synthetic
2023-10-24,Potato,14.05,0,Synthetic
2023-10-25,Potato,14.05,0,Synthetic
2023-10-26,Potato,12.68,0,Synthetic
2023-10-27,Potato,16.83,0,Synthetic
2023-10-28,Potato,13.74,0,Synthetic
2023-10-29,Potato,17.4,0,Synthetic
2023-10-30,Potato,13.07,0,Synthetic
2023-10-31,Potato,11.5,0,Synthetic
2023-11-01,Potato,16.2,0,Synthetic
2023-11-02,Potato,15.1,0,Synthetic
2023-11-03,Potato,18.06,0,Synthetic
2023-11-04,Potato,14.88,0,Synthetic
2023-11-05,Potato,14.17,0,Synthetic
2023-11-06,Potato,19.54,0,Synthetic
2023-11-07,Potato,14.15,0,Synthetic
2023-11-08,Potato,15.27,0,Synthetic
2023-11-09,Potato,19.41,0,Synthetic
2023-11-10,Potato,16.83,0,Synthetic
2023-11-11,Potato,18.16,0,Synthetic
2023-11-12,Potato,16.51,0,Synthetic
2023-11-13,Potato,14.66,0,Synthetic
2023-11-14,Potato,15.9,0,Synthetic
2023-11-15,Potato,15.85,0,Synthetic
2023-11-16,Potato,15.13,0,Synthetic
2023-11-17,Potato,17.26,0,Synthetic
2023-11-18,Potato,15.5,0,Synthetic
2023-11-19,Potato,13.16,0,Synthetic
2023-11-20,Potato,19.1,0,Synthetic
2023-11-21,Potato,14.23,0,Synthetic
2023-11-22,Potato,13.01,0,Synthetic
2023-11-23,Potato,14.86,0,Synthetic
2023-11-24,Potato,18.76,0,Synthetic
2023-11-25,Potato,18.59,0,Synthetic
2023-11-26,Potato,17.42,0,Synthetic
2023-11-27,Potato,15.27,0,Synthetic
2023-11-28,Potato,19.08,0,Synthetic
2023-11-29,Potato,17.48,0,Synthetic
2023-11-30,Potato,16.97,0,Synthetic
2023-12-01,Potato,18.2,0,Synthetic
2023-12-02,Potato,18.77,0,Synthetic
2023-12-03,Potato,18.16,0,Synthetic
2023-12-04,Potato,19.79,0,Synthetic
2023-12-05,Potato,16.99,0,Synthetic
2023-12-06,Potato,16.4,0,Synthetic
2023-12-07,Potato,16.64,0,Synthetic
2023-12-08,Potato,19.73,0,Synthetic
2023-12-09,Potato,17.7,0,Synthetic
2023-12-10,Potato,18.98,0,Synthetic
2023-12-11,Potato,16.11,0,Synthetic
2023-12-12,Potato,19.73,0,Synthetic
2023-12-13,Potato,17.92,0,Synthetic
2023-12-14,Potato,17.33,0,Synthetic
2023-12-15,Potato,19.92,0,Synthetic
2023-12-16,Potato,16.89,0,Synthetic
2023-12-17,Potato,18.1,0,Synthetic
2023-12-18,Potato,17.39,0,Synthetic
2023-12-19,Potato,18.56,0,Synthetic
2023-12-20,Potato,22.84,0,Synthetic
2023-12-21,Potato,19.12,0,Synthetic
2023-12-22,Potato,17.76,0,Synthetic
2023-12-23,Potato,18.51,0,Synthetic
2023-12-24,Potato,17.77,0,Synthetic
2023-12-25,Potato,18.17,0,Synthetic
2023-12-26,Potato,21.23,0,Synthetic
2023-12-27,Potato,21.22,0,Synthetic
2023-12-28,Potato,19.67,0,Synthetic
2023-12-29,Potato,22.75,0,Synthetic
2023-12-30,Potato,22.98,0,Synthetic
2023-12-31,Potato,20.99,0,Synthetic
2024-01-01,Potato,19.3,0,Synthetic
2024-01-02,Potato,19.75,0,Synthetic
2024-01-03,Potato,22.64,0,Synthetic
2024-01-04,Potato,18.29,0,Synthetic
2024-01-05,Potato,17.48,0,Synthetic
2024-01-06,Potato,20.69,0,Synthetic
2024-01-07,Potato,20.18,0,Synthetic
2024-01-08,Potato,22.11,0,Synthetic
2024-01-09,Potato,19.7,0,Synthetic
2024-01-10,Potato,22.48,0,Synthetic
2024-01-11,Potato,23.41,0,Synthetic
2024-01-12,Potato,18.69,0,Synthetic
2024-01-13,Potato,20.04,0,Synthetic
2024-01-14,Potato,22.11,0,Synthetic
2024-01-15,Potato,25.94,0,Synthetic
2024-01-16,Potato,18.38,0,Synthetic
2024-01-17,Potato,19.95,0,Synthetic
2024-01-18,Potato,20.55,0,Synthetic
2024-01-19,Potato,20.04,0,Synthetic
2024-01-20,Potato,21.22,0,Synthetic
2024-01-21,Potato,22.94,0,Synthetic
2024-01-22,Potato,18.76,0,Synthetic
2024-01-23,Potato,20.1,0,Synthetic
2024-01-24,Potato,21.48,0,Synthetic
2024-01-25,Potato,23.56,0,Synthetic
2024-01-26,Potato,21.83,0,Synthetic
2024-01-27,Potato,22.61,0,Synthetic
2024-01-28,Potato,22.06,0,Synthetic
2024-01-29,Potato,21.44,0,Synthetic
2024-01-30,Potato,23.1,0,Synthetic
2024-01-31,Potato,26.4,0,Synthetic
2024-02-01,Potato,19.46,0,Synthetic
2024-02-02,Potato,21.66,0,Synthetic
2024-02-03,Potato,23.32,0,Synthetic
2024-02-04,Potato,22.57,0,Synthetic
2024-02-05,Potato,22.09,0,Synthetic
2024-02-06,Potato,21.27,0,Synthetic
2024-02-07,Potato,21.51,0,Synthetic
2024-02-08,Potato,24.86,0,Synthetic
2024-02-09,Potato,23.8,0,Synthetic
2024-02-10,Potato,28.01,0,Synthetic
2024-02-11,Potato,23.63,0,Synthetic
2024-02-12,Potato,24.4,0,Synthetic
2024-02-13,Potato,22.03,0,Synthetic
2024-02-14,Potato,22.49,0,Synthetic
2024-02-15,Potato,22.38,0,Synthetic
2024-02-16,Potato,22.06,0,Synthetic
2024-02-17,Potato,21.45,0,Synthetic
2024-02-18,Potato,23.78,0,Synthetic
2024-02-19,Potato,23.52,0,Synthetic
2024-02-20,Potato,24.94,0,Synthetic
2024-02-21,Potato,25.08,0,Synthetic
2024-02-22,Potato,22.44,0,Synthetic
2024-02-23,Potato,22.19,0,Synthetic
2024-02-24,Potato,23.45,0,Synthetic
2024-02-25,Potato,26.99,0,Synthetic
2024-02-26,Potato,23.79,0,Synthetic
2024-02-27,Potato,24.47,0,Synthetic
2024-02-28,Potato,24.14,0,Synthetic
2024-02-29,Potato,23.03,0,Synthetic
2024-03-01,Potato,25.11,0,Synthetic
2024-03-02,Potato,26.02,0,Synthetic
2024-03-03,Potato,26.08,0,Synthetic
2024-03-04,Potato,23.21,0,Synthetic
2024-03-05,Potato,25.59,0,Synthetic
2024-03-06,Potato,25.9,0,Synthetic
2024-03-07,Potato,22.94,0,Synthetic
2024-03-08,Potato,26.41,0,Synthetic
2024-03-09,Potato,28.39,0,Synthetic
2024-03-10,Potato,25.72,0,Synthetic
2024-03-11,Potato,23.54,0,Synthetic
2024-03-12,Potato,26.76,0,Synthetic
2024-03-13,Potato,20.84,0,Synthetic
2024-03-14,Potato,24.33,0,Synthetic
2024-03-15,Potato,23.27,0,Synthetic
2024-03-16,Potato,26.46,0,Synthetic
2024-03-17,Potato,25.62,0,Synthetic
2024-03-18,Potato,24.14,0,Synthetic
2024-03-19,Potato,23.33,0,Synthetic
2024-03-20,Potato,25.96,0,Synthetic
2024-03-21,Potato,28.15,0,Synthetic
2024-03-22,Potato,28.61,0,Synthetic
2024-03-23,Potato,27.08,0,Synthetic
2024-03-24,Potato,23.51,0,Synthetic
2024-03-25,Potato,24.22,0,Synthetic
2024-03-26,Potato,24.96,0,Synthetic
2024-03-27,Potato,27.17,0,Synthetic
2024-03-28,Potato,24.8,0,Synthetic
2024-03-29,Potato,25.34,0,Synthetic
2024-03-30,Potato,26.03,0,Synthetic
2024-03-31,Potato,27.8,0,Synthetic
2024-04-01,Potato,22.61,0,Synthetic
2024-04-02,Potato,22.89,0,Synthetic
2024-04-03,Potato,24.05,0,Synthetic
2024-04-04,Potato,24.01,0,Synthetic
2024-04-05,Potato,29.09,0,Synthetic
2024-04-06,Potato,23.82,0,Synthetic
2024-04-07,Potato,23.71,0,Synthetic
2024-04-08,Potato,23.94,0,Synthetic
2024-04-09,Potato,22.72,0,Synthetic
2024-04-10,Potato,26.08,0,Synthetic
2024-04-11,Potato,26.22,0,Synthetic
2024-04-12,Potato,25.13,0,Synthetic
2024-04-13,Potato,26.91,0,Synthetic
2024-04-14,Potato,27.88,0,Synthetic
2024-04-15,Potato,25.78,0,Synthetic
2024-04-16,Potato,23.2,0,Synthetic
2024-04-17,Potato,25.33,0,Synthetic
2024-04-18,Potato,23.17,0,Synthetic
2024-04-19,Potato,25.59,0,Synthetic
2024-04-20,Potato,24.36,0,Synthetic
2024-04-21,Potato,28.55,0,Synthetic
2024-04-22,Potato,24.73,0,Synthetic
2024-04-23,Potato,23.85,0,Synthetic
2024-04-24,Potato,25.66,0,Synthetic
2024-04-25,Potato,26.95,0,Synthetic
2024-04-26,Potato,26.41,0,Synthetic
2024-04-27,Potato,21.73,0,Synthetic
2024-04-28,Potato,23.65,0,Synthetic
2024-04-29,Potato,24.66,0,Synthetic
2024-04-30,Potato,26.25,0,Synthetic
2024-05-01,Potato,26.32,0,Synthetic
2024-05-02,Potato,25.96,0,Synthetic
2024-05-03,Potato,25.72,0,Synthetic
2024-05-04,Potato,19.87,0,Synthetic
2024-05-05,Potato,24.0,0,Synthetic
2024-05-06,Potato,26.09,0,Synthetic
2024-05-07,Potato,26.69,0,Synthetic
2024-05-08,Potato,27.02,0,Synthetic
2024-05-09,Potato,21.62,0,Synthetic
2024-05-10,Potato,24.46,0,Synthetic
2024-05-11,Potato,23.84,0,Synthetic
2024-05-12,Potato,20.86,0,Synthetic
2024-05-13,Potato,21.31,0,Synthetic
2024-05-14,Potato,22.39,0,Synthetic
2024-05-15,Potato,21.53,0,Synthetic
2024-05-16,Potato,23.97,0,Synthetic
2024-05-17,Potato,23.35,0,Synthetic
2024-05-18,Potato,21.81,0,Synthetic
2024-05-19,Potato,23.52,0,Synthetic
2024-05-20,Potato,21.58,0,Synthetic
2024-05-21,Potato,25.06,0,Synthetic
2024-05-22,Potato,26.33,0,Synthetic
2024-05-23,Potato,21.2,0,Synthetic
2024-05-24,Potato,22.44,0,Synthetic
2024-05-25,Potato,24.57,0,Synthetic
2024-05-26,Potato,23.62,0,Synthetic
2024-05-27,Potato,23.85,0,Synthetic
2024-05-28,Potato,22.11,0,Synthetic
2024-05-29,Potato,20.86,0,Synthetic
2024-05-30,Potato,20.6,0,Synthetic
2024-05-31,Potato,24.73,0,Synthetic
2024-06-01,Potato,25.4,0,Synthetic
2024-06-02,Potato,22.17,0,Synthetic
2024-06-03,Potato,23.88,0,Synthetic
2024-06-04,Potato,23.06,0,Synthetic
2024-06-05,Potato,23.51,0,Synthetic
2024-06-06,Potato,24.66,0,Synthetic
2024-06-07,Potato,23.68,0,Synthetic
2024-06-08,Potato,20.46,0,Synthetic
2024-06-09,Potato,21.34,0,Synthetic
2024-06-10,Potato,18.61,0,Synthetic
2024-06-11,Potato,20.26,0,Synthetic
2024-06-12,Potato,18.6,0,Synthetic
2024-06-13,Potato,20.13,0,Synthetic
2024-06-14,Potato,19.26,0,Synthetic
2024-06-15,Potato,24.76,0,Synthetic
2024-06-16,Potato,18.73,0,Synthetic
2024-06-17,Potato,24.16,0,Synthetic
2024-06-18,Potato,22.81,0,Synthetic
2024-06-19,Potato,22.09,0,Synthetic
2024-06-20,Potato,22.41,0,Synthetic
2024-06-21,Potato,21.37,0,Synthetic
2024-06-22,Potato,21.94,0,Synthetic
2024-06-23,Potato,21.18,0,Synthetic
2024-06-24,Potato,23.07,0,Synthetic
2024-06-25,Potato,21.67,0,Synthetic
2024-06-26,Potato,18.68,0,Synthetic
2024-06-27,Potato,19.57,0,Synthetic
2024-06-28,Potato,19.87,0,Synthetic
2024-06-29,Potato,19.92,0,Synthetic
2024-06-30,Potato,20.43,0,Synthetic
2024-07-01,Potato,18.88,0,Synthetic
2024-07-02,Potato,18.93,0,Synthetic
2024-07-03,Potato,20.34,0,Synthetic
2024-07-04,Potato,19.97,0,Synthetic
2024-07-05,Potato,22.55,0,Synthetic
2024-07-06,Potato,19.06,0,Synthetic
2024-07-07,Potato,18.29,0,Synthetic
2024-07-08,Potato,17.38,0,Synthetic
2024-07-09,Potato,15.86,0,Synthetic
2024-07-10,Potato,17.65,0,Synthetic
2024-07-11,Potato,20.36,0,Synthetic
2024-07-12,Potato,20.63,0,Synthetic
2024-07-13,Potato,18.76,0,Synthetic
2024-07-14,Potato,16.84,0,Synthetic
2024-07-15,Potato,16.13,0,Synthetic
2024-07-16,Potato,15.51,0,Synthetic
2024-07-17,Potato,20.05,0,Synthetic
2024-07-18,Potato,16.11,0,Synthetic
2024-07-19,Potato,17.94,0,Synthetic
2024-07-20,Potato,19.08,0,Synthetic
2024-07-21,Potato,20.83,0,Synthetic
2024-07-22,Potato,18.95,0,Synthetic
2024-07-23,Potato,21.22,0,Synthetic
2024-07-24,Potato,16.52,0,Synthetic
2024-07-25,Potato,17.9,0,Synthetic
2024-07-26,Potato,20.54,0,Synthetic
2024-07-27,Potato,18.55,0,Synthetic
2024-07-28,Potato,20.76,0,Synthetic
2024-07-29,Potato,17.87,0,Synthetic
2024-07-30,Potato,18.43,0,Synthetic
2024-07-31,Potato,16.84,0,Synthetic
2024-08-01,Potato,18.9,0,Synthetic
2024-08-02,Potato,18.1,0,Synthetic
2024-08-03,Potato,17.37,0,Synthetic
2024-08-04,Potato,11.6,0,Synthetic
2024-08-05,Potato,16.99,0,Synthetic
2024-08-06,Potato,18.26,0,Synthetic
2024-08-07,Potato,17.36,0,Synthetic
2024-08-08,Potato,15.63,0,Synthetic
2024-08-09,Potato,17.23,0,Synthetic
2024-08-10,Potato,17.35,0,Synthetic
2024-08-11,Potato,15.43,0,Synthetic
2024-08-12,Potato,16.26,0,Synthetic
2024-08-13,Potato,20.37,0,Synthetic
2024-08-14,Potato,16.82,0,Synthetic
2024-08-15,Potato,16.67,0,Synthetic
2024-08-16,Potato,16.28,0,Synthetic
2024-08-17,Potato,16.35,0,Synthetic
2024-08-18,Potato,17.71,0,Synthetic
2024-08-19,Potato,18.6,0,Synthetic
2024-08-20,Potato,14.97,0,Synthetic
2024-08-21,Potato,19.3,0,Synthetic
2024-08-22,Potato,17.63,0,Synthetic
2024-08-23,Potato,17.59,0,Synthetic
2024-08-24,Potato,16.66,0,Synthetic
2024-08-25,Potato,18.77,0,Synthetic
2024-08-26,Potato,18.8,0,Synthetic
2024-08-27,Potato,18.38,0,Synthetic
2024-08-28,Potato,14.43,0,Synthetic
2024-08-29,Potato,13.27,0,Synthetic
2024-08-30,Potato,13.9,0,Synthetic
2024-08-31,Potato,14.24,0,Synthetic
2024-09-01,Potato,13.48,0,Synthetic
2024-09-02,Potato,14.35,0,Synthetic
2024-09-03,Potato,15.29,0,Synthetic
2024-09-04,Potato,19.19,0,Synthetic
2024-09-05,Potato,17.06,0,Synthetic
2024-09-06,Potato,11.59,0,Synthetic
2024-09-07,Potato,15.35,0,Synthetic
2024-09-08,Potato,15.25,0,Synthetic
2024-09-09,Potato,15.71,0,Synthetic
2024-09-10,Potato,17.61,0,Synthetic
2024-09-11,Potato,13.26,0,Synthetic
2024-09-12,Potato,13.66,0,Synthetic
2024-09-13,Potato,15.05,0,Synthetic
2024-09-14,Potato,15.84,0,Synthetic
2024-09-15,Potato,16.37,0,Synthetic
2024-09-16,Potato,12.9,0,Synthetic
2024-09-17,Potato,17.06,0,Synthetic
2024-09-18,Potato,13.85,0,Synthetic
2024-09-19,Potato,14.81,0,Synthetic
2024-09-20,Potato,16.49,0,Synthetic
2024-09-21,Potato,16.27,0,Synthetic
2024-09-22,Potato,12.51,0,Synthetic
2024-09-23,Potato,15.5,0,Synthetic
2024-09-24,Potato,16.83,0,Synthetic
2024-09-25,Potato,17.1,0,Synthetic
2024-09-26,Potato,17.47,0,Synthetic
2024-09-27,Potato,15.26,0,Synthetic
2024-09-28,Potato,17.65,0,Synthetic
2024-09-29,Potato,15.48,0,Synthetic
2024-09-30,Potato,17.24,0,Synthetic
2024-10-01,Potato,16.39,0,Synthetic
2024-10-02,Potato,17.45,0,Synthetic
2024-10-03,Potato,13.6,0,Synthetic
2024-10-04,Potato,17.38,0,Synthetic
2024-10-05,Potato,19.91,0,Synthetic
2024-10-06,Potato,14.76,0,Synthetic
2024-10-07,Potato,12.88,0,Synthetic
2024-10-08,Potato,13.18,0,Synthetic
2024-10-09,Potato,16.23,0,Synthetic
2024-10-10,Potato,14.44,0,Synthetic
2024-10-11,Potato,14.66,0,Synthetic
2024-10-12,Potato,12.69,0,Synthetic
2024-10-13,Potato,17.1,0,Synthetic
2024-10-14,Potato,13.07,0,Synthetic
2024-10-15,Potato,17.85,0,Synthetic
2024-10-16,Potato,15.86,0,Synthetic
2024-10-17,Potato,12.67,0,Synthetic
2024-10-18,Potato,15.16,0,Synthetic
2024-10-19,Potato,11.96,0,Synthetic
2024-10-20,Potato,15.6,0,Synthetic
2024-10-21,Potato,15.03,0,Synthetic
2024-10-22,Potato,15.13,0,Synthetic
2024-10-23,Potato,15.65,0,Synthetic
2024-10-24,Potato,17.53,0,Synthetic
2024-10-25,Potato,14.3,0,Synthetic
2024-10-26,Potato,12.55,0,Synthetic
2024-10-27,Potato,12.61,0,Synthetic
2024-10-28,Potato,17.99,0,Synthetic
2024-10-29,Potato,13.32,0,Synthetic
2024-10-30,Potato,16.17,0,Synthetic
2024-10-31,Potato,14.94,0,Synthetic
2024-11-01,Potato,19.84,0,Synthetic
2024-11-02,Potato,14.59,0,Synthetic
2024-11-03,Potato,14.64,0,Synthetic
2024-11-04,Potato,16.32,0,Synthetic
2024-11-05,Potato,14.6,0,Synthetic
2024-11-06,Potato,16.59,0,Synthetic
2024-11-07,Potato,17.38,0,Synthetic
2024-11-08,Potato,12.05,0,Synthetic
2024-11-09,Potato,18.49,0,Synthetic
2024-11-10,Potato,15.58,0,Synthetic
2024-11-11,Potato,16.55,0,Synthetic
2024-11-12,Potato,13.62,0,Synthetic
2024-11-13,Potato,18.08,0,Synthetic
2024-11-14,Potato,13.45,0,Synthetic
2024-11-15,Potato,15.58,0,Synthetic
2024-11-16,Potato,15.9,0,Synthetic
2024-11-17,Potato,16.05,0,Synthetic
2024-11-18,Potato,16.62,0,Synthetic
2024-11-19,Potato,16.83,0,Synthetic
2024-11-20,Potato,15.03,0,Synthetic
2024-11-21,Potato,16.94,0,Synthetic
2024-11-22,Potato,14.87,0,Synthetic
2024-11-23,Potato,14.28,0,Synthetic
2024-11-24,Potato,17.83,0,Synthetic
2024-11-25,Potato,15.14,0,Synthetic
2024-11-26,Potato,14.45,0,Synthetic
2024-11-27,Potato,15.73,0,Synthetic
2024-11-28,Potato,17.48,0,Synthetic
2024-11-29,Potato,20.39,0,Synthetic
2024-11-30,Potato,16.05,0,Synthetic
2024-12-01,Potato,15.3,0,Synthetic
2024-12-02,Potato,17.26,0,Synthetic
2024-12-03,Potato,20.07,0,Synthetic
2024-12-04,Potato,17.8,0,Synthetic
2024-12-05,Potato,21.05,0,Synthetic
2024-12-06,Potato,21.14,0,Synthetic
2024-12-07,Potato,16.77,0,Synthetic
2024-12-08,Potato,17.98,0,Synthetic
2024-12-09,Potato,15.89,0,Synthetic
2024-12-10,Potato,19.79,0,Synthetic
2024-12-11,Potato,17.97,0,Synthetic
2024-12-12,Potato,18.2,0,Synthetic
2024-12-13,Potato,16.69,0,Synthetic
2024-12-14,Potato,19.47,0,Synthetic
2024-12-15,Potato,21.05,0,Synthetic
2024-12-16,Potato,17.15,0,Synthetic
2024-12-17,Potato,21.49,0,Synthetic
2024-12-18,Potato,16.28,0,Synthetic
2024-12-19,Potato,17.42,0,Synthetic
2024-12-20,Potato,20.78,0,Synthetic
2024-12-21,Potato,21.61,0,Synthetic
2024-12-22,Potato,21.94,0,Synthetic
2024-12-23,Potato,18.29,0,Synthetic
2024-12-24,Potato,20.39,0,Synthetic
2024-12-25,Potato,21.11,0,Synthetic
2024-12-26,Potato,21.54,0,Synthetic
2024-12-27,Potato,17.68,0,Synthetic
2024-12-28,Potato,22.54,0,Synthetic
2024-12-29,Potato,20.12,0,Synthetic
2024-12-30,Potato,22.0,0,Synthetic
2024-12-31,Potato,19.84,0,Synthetic
2025-01-01,Potato,18.72,0,Synthetic
2025-01-02,Potato,18.38,0,Synthetic
2025-01-03,Potato,21.64,0,Synthetic
2025-01-04,Potato,22.07,0,Synthetic
2025-01-05,Potato,21.93,0,Synthetic
2025-01-06,Potato,21.91,0,Synthetic
2025-01-07,Potato,18.43,0,Synthetic
2025-01-08,Potato,12.37,0,Synthetic
2025-01-09,Potato,23.66,0,Synthetic
2025-01-10,Potato,21.89,0,Synthetic
2025-01-11,Potato,19.62,0,Synthetic
2025-01-12,Potato,20.65,0,Synthetic
2025-01-13,Potato,22.9,0,Synthetic
2025-01-14,Potato,19.81,0,Synthetic
2025-01-15,Potato,23.04,0,Synthetic
2025-01-16,Potato,22.41,0,Synthetic
2025-01-17,Potato,19.92,0,Synthetic
2025-01-18,Potato,17.52,0,Synthetic
2025-01-19,Potato,20.1,0,Synthetic
2025-01-20,Potato,18.86,0,Synthetic
2025-01-21,Potato,22.06,0,Synthetic
2025-01-22,Potato,24.56,0,Synthetic
2025-01-23,Potato,23.08,0,Synthetic
2025-01-24,Potato,22.58,0,Synthetic
2025-01-25,Potato,21.21,0,Synthetic
2025-01-26,Potato,23.89,0,Synthetic
2025-01-27,Potato,23.33,0,Synthetic
2025-01-28,Potato,21.85,0,Synthetic
2025-01-29,Potato,22.06,0,Synthetic
2025-01-30,Potato,21.33,0,Synthetic
2025-01-31,Potato,20.85,0,Synthetic
2025-02-01,Potato,23.59,0,Synthetic
2025-02-02,Potato,19.96,0,Synthetic
2025-02-03,Potato,21.68,0,Synthetic
2025-02-04,Potato,23.33,0,Synthetic
2025-02-05,Potato,23.18,0,Synthetic
2025-02-06,Potato,20.29,0,Synthetic
2025-02-07,Potato,21.36,0,Synthetic
2025-02-08,Potato,20.76,0,Synthetic
2025-02-09,Potato,22.07,0,Synthetic
2025-02-10,Potato,20.36,0,Synthetic
2025-02-11,Potato,25.34,0,Synthetic
2025-02-12,Potato,23.89,0,Synthetic
2025-02-13,Potato,20.32,0,Synthetic
2025-02-14,Potato,20.35,0,Synthetic
2025-02-15,Potato,26.83,0,Synthetic
2025-02-16,Potato,22.08,0,Synthetic
2025-02-17,Potato,27.27,0,Synthetic
2025-02-18,Potato,22.41,0,Synthetic
2025-02-19,Potato,24.93,0,Synthetic
2025-02-20,Potato,23.35,0,Synthetic
2025-02-21,Potato,25.13,0,Synthetic
2025-02-22,Potato,23.73,0,Synthetic
2025-02-23,Potato,25.33,0,Synthetic
2025-02-24,Potato,24.15,0,Synthetic
2025-02-25,Potato,21.73,0,Synthetic
2025-02-26,Potato,23.71,0,Synthetic
2025-02-27,Potato,21.63,0,Synthetic
2025-02-28,Potato,23.11,0,Synthetic
2025-03-01,Potato,26.18,0,Synthetic
2025-03-02,Potato,23.92,0,Synthetic
2025-03-03,Potato,24.1,0,Synthetic
2025-03-04,Potato,23.35,0,Synthetic
2025-03-05,Potato,23.86,0,Synthetic
2025-03-06,Potato,24.11,0,Synthetic
2025-03-07,Potato,24.78,0,Synthetic
2025-03-08,Potato,26.54,0,Synthetic
2025-03-09,Potato,28.39,0,Synthetic
2025-03-10,Potato,23.99,0,Synthetic
2025-03-11,Potato,23.78,0,Synthetic
2025-03-12,Potato,19.86,0,Synthetic
2025-03-13,Potato,26.85,0,Synthetic
2025-03-14,Potato,25.24,0,Synthetic
2025-03-15,Potato,22.97,0,Synthetic
2025-03-16,Potato,24.85,0,Synthetic
2025-03-17,Potato,25.61,0,Synthetic
2025-03-18,Potato,26.56,0,Synthetic
2025-03-19,Potato,22.93,0,Synthetic
2025-03-20,Potato,24.63,0,Synthetic
2025-03-21,Potato,26.09,0,Synthetic
2025-03-22,Potato,24.65,0,Synthetic
2025-03-23,Potato,23.26,0,Synthetic
2025-03-24,Potato,24.61,0,Synthetic
2025-03-25,Potato,24.88,0,Synthetic
2025-03-26,Potato,28.31,0,Synthetic
2025-03-27,Potato,22.94,0,Synthetic
2025-03-28,Potato,20.9,0,Synthetic
2025-03-29,Potato,26.36,0,Synthetic
2025-03-30,Potato,27.14,0,Synthetic
2025-03-31,Potato,26.37,0,Synthetic
2025-04-01,Potato,27.5,0,Synthetic
2025-04-02,Potato,25.27,0,Synthetic
2025-04-03,Potato,26.83,0,Synthetic
2025-04-04,Potato,26.33,0,Synthetic
2025-04-05,Potato,25.69,0,Synthetic
2025-04-06,Potato,27.5,0,Synthetic
2025-04-07,Potato,25.66,0,Synthetic
2025-04-08,Potato,25.5,0,Synthetic
2025-04-09,Potato,25.21,0,Synthetic
2025-04-10,Potato,22.72,0,Synthetic
2025-04-11,Potato,27.74,0,Synthetic
2025-04-12,Potato,23.59,0,Synthetic
2025-04-13,Potato,25.43,0,Synthetic
2025-04-14,Potato,25.07,0,Synthetic
2025-04-15,Potato,24.67,0,Synthetic
2025-04-16,Potato,25.38,0,Synthetic
2025-04-17,Potato,25.47,0,Synthetic
2025-04-18,Potato,24.22,0,Synthetic
2025-04-19,Potato,21.69,0,Synthetic
2025-04-20,Potato,24.82,0,Synthetic
2025-04-21,Potato,24.45,0,Synthetic
2025-04-22,Potato,24.61,0,Synthetic
2025-04-23,Potato,21.66,0,Synthetic
2025-04-24,Potato,21.99,0,Synthetic
2025-04-25,Potato,25.37,0,Synthetic
2025-04-26,Potato,26.63,0,Synthetic
2025-04-27,Potato,25.72,0,Synthetic
2025-04-28,Potato,23.56,0,Synthetic
2025-04-29,Potato,23.89,0,Synthetic
2025-04-30,Potato,22.86,0,Synthetic
2025-05-01,Potato,23.94,0,Synthetic
2025-05-02,Potato,23.52,0,Synthetic
2025-05-03,Potato,21.2,0,Synthetic
2025-05-04,Potato,24.76,0,Synthetic
2025-05-05,Potato,21.63,0,Synthetic
2025-05-06,Potato,19.34,0,Synthetic
2025-05-07,Potato,23.71,0,Synthetic
2025-05-08,Potato,22.22,0,Synthetic
2025-05-09,Potato,21.87,0,Synthetic
2025-05-10,Potato,21.8,0,Synthetic
2025-05-11,Potato,24.75,0,Synthetic
2025-05-12,Potato,25.27,0,Synthetic
2025-05-13,Potato,23.72,0,Synthetic
2025-05-14,Potato,23.75,0,Synthetic
2025-05-15,Potato,21.92,0,Synthetic
2025-05-16,Potato,27.21,0,Synthetic
2025-05-17,Potato,27.31,0,Synthetic
2025-05-18,Potato,21.64,0,Synthetic
2025-05-19,Potato,22.73,0,Synthetic
2025-05-20,Potato,21.97,0,Synthetic
2025-05-21,Potato,24.74,0,Synthetic
2025-05-22,Potato,23.96,0,Synthetic
2025-05-23,Potato,19.97,0,Synthetic
2025-05-24,Potato,25.31,0,Synthetic
2025-05-25,Potato,21.26,0,Synthetic
2025-05-26,Potato,25.06,0,Synthetic
2025-05-27,Potato,26.74,0,Synthetic
2025-05-28,Potato,23.27,0,Synthetic
2025-05-29,Potato,20.33,0,Synthetic
2025-05-30,Potato,23.47,0,Synthetic
2025-05-31,Potato,21.91,0,Synthetic
